league,date,status,matchday,home_team,away_team,home_goals,away_goals,winner,match_id_result,match_id_odds,bookmaker,market,home_handicap,home_price,away_handicap,away_price,odds_match
La Liga,2026-08-15,FINISHED,1,Deportivo Alavés,Getafe CF,3,0,HOME_TEAM,564634,,,,,,,,NO_ODDS_MATCH
La Liga,2026-08-15,FINISHED,1,Sevilla FC,Rayo Vallecano de Madrid,2,1,HOME_TEAM,564633,,,,,,,,NO_ODDS_MATCH
La Liga,2026-08-16,FINISHED,1,Real Racing Club de Santander,Villarreal CF,2,2,DRAW,564629,,,,,,,,NO_ODDS_MATCH
La Liga,2026-08-16,FINISHED,1,RCD Espanyol de Barcelona,Levante UD,3,0,HOME_TEAM,564632,,,,,,,,NO_ODDS_MATCH
La Liga,2026-08-17,FINISHED,1,RC Deportivo La Coruña,Elche CF,1,1,DRAW,564635,,,,,,,,NO_ODDS_MATCH
La Liga,2026-08-19,FINISHED,1,Club Atlético de Madrid,Málaga CF,2,0,HOME_TEAM,564628,,,,,,,,NO_ODDS_MATCH
La Liga,2026-08-20,FINISHED,2,Rayo Vallecano de Madrid,Deportivo Alavés,1,1,DRAW,564638,,,,,,,,NO_ODDS_MATCH
La Liga,2026-08-21,FINISHED,2,Real Betis Balompié,Real Sociedad de Fútbol,1,0,HOME_TEAM,564647,,,,,,,,NO_ODDS_MATCH
La Liga,2026-08-22,FINISHED,2,Athletic Club,Sevilla FC,1,3,AWAY_TEAM,564641,,,,,,,,NO_ODDS_MATCH
La Liga,2026-08-22,FINISHED,2,Valencia CF,RC Celta de Vigo,0,0,DRAW,564643,,,,,,,,NO_ODDS_MATCH
La Liga,2026-08-22,FINISHED,2,RCD Espanyol de Barcelona,Real Madrid CF,1,2,AWAY_TEAM,564645,,,,,,,,NO_ODDS_MATCH
La Liga,2026-08-23,FINISHED,2,Club Atlético de Madrid,Villarreal CF,2,2,DRAW,564646,,,,,,,,NO_ODDS_MATCH
La Liga,2026-08-23,FINISHED,2,Getafe CF,Real Racing Club de Santander,1,0,HOME_TEAM,564644,,,,,,,,NO_ODDS_MATCH
La Liga,2026-08-23,FINISHED,2,Elche CF,FC Barcelona,0,5,AWAY_TEAM,564642,,,,,,,,NO_ODDS_MATCH
La Liga,2026-08-24,FINISHED,2,CA Osasuna,Levante UD,0,0,DRAW,564639,,,,,,,,NO_ODDS_MATCH
La Liga,2026-08-24,FINISHED,2,Málaga CF,RC Deportivo La Coruña,1,1,DRAW,564640,,,,,,,,NO_ODDS_MATCH
La Liga,2026-08-25,FINISHED,1,Valencia CF,Real Betis Balompié,0,1,AWAY_TEAM,564637,,,,,,,,NO_ODDS_MATCH
La Liga,2026-08-26,FINISHED,1,Real Madrid CF,Real Sociedad de Fútbol,4,1,HOME_TEAM,564631,,,,,,,,NO_ODDS_MATCH
La Liga,2026-08-27,FINISHED,1,RC Celta de Vigo,CA Osasuna,1,2,AWAY_TEAM,564636,,,,,,,,NO_ODDS_MATCH
La Liga,2026-08-27,FINISHED,1,FC Barcelona,Athletic Club,2,0,HOME_TEAM,564630,,,,,,,,NO_ODDS_MATCH
La Liga,2026-08-28,FINISHED,3,Real Racing Club de Santander,Elche CF,3,2,HOME_TEAM,564654,,,,,,,,NO_ODDS_MATCH
La Liga,2026-08-28,FINISHED,3,Deportivo Alavés,Villarreal CF,1,0,HOME_TEAM,564648,,,,,,,,NO_ODDS_MATCH
La Liga,2026-08-29,FINISHED,3,Levante UD,Real Betis Balompié,5,2,HOME_TEAM,564655,,,,,,,,NO_ODDS_MATCH
La Liga,2026-08-29,FINISHED,3,Real Sociedad de Fútbol,RCD Espanyol de Barcelona,2,1,HOME_TEAM,564653,,,,,,,,NO_ODDS_MATCH
La Liga,2026-08-29,FINISHED,3,Sevilla FC,Club Atlético de Madrid,1,3,AWAY_TEAM,564649,,,,,,,,NO_ODDS_MATCH
La Liga,2026-08-30,FINISHED,3,Real Madrid CF,Málaga CF,4,0,HOME_TEAM,564656,,,,,,,,NO_ODDS_MATCH
La Liga,2026-08-30,FINISHED,3,RC Deportivo La Coruña,Valencia CF,3,1,HOME_TEAM,564651,,,,,,,,NO_ODDS_MATCH
La Liga,2026-08-30,FINISHED,3,RC Celta de Vigo,Athletic Club,0,2,AWAY_TEAM,564652,,,,,,,,NO_ODDS_MATCH
La Liga,2026-08-31,FINISHED,3,CA Osasuna,Getafe CF,1,0,HOME_TEAM,564657,,,,,,,,NO_ODDS_MATCH
La Liga,2026-08-31,FINISHED,3,FC Barcelona,Rayo Vallecano de Madrid,5,2,HOME_TEAM,564650,,,,,,,,NO_ODDS_MATCH
La Liga,2026-09-03,FINISHED,6,Real Sociedad de Fútbol,RC Celta de Vigo,0,0,DRAW,564682,,,,,,,,NO_ODDS_MATCH
La Liga,2026-09-04,FINISHED,4,Real Betis Balompié,Real Madrid CF,1,0,HOME_TEAM,564667,,,,,,,,NO_ODDS_MATCH
La Liga,2026-09-05,FINISHED,4,Athletic Club,Club Atlético de Madrid,3,0,HOME_TEAM,564663,,,,,,,,NO_ODDS_MATCH
La Liga,2026-09-05,FINISHED,4,Rayo Vallecano de Madrid,Real Racing Club de Santander,3,2,HOME_TEAM,564660,,,,,,,,NO_ODDS_MATCH
La Liga,2026-09-05,FINISHED,4,Villarreal CF,RC Deportivo La Coruña,2,3,AWAY_TEAM,564662,,,,,,,,NO_ODDS_MATCH
La Liga,2026-09-06,FINISHED,4,Valencia CF,FC Barcelona,0,5,AWAY_TEAM,564659,,,,,,,,NO_ODDS_MATCH
La Liga,2026-09-06,FINISHED,4,Deportivo Alavés,CA Osasuna,5,2,HOME_TEAM,564664,,,,,,,,NO_ODDS_MATCH
La Liga,2026-09-06,FINISHED,4,Málaga CF,Levante UD,0,0,DRAW,564666,,,,,,,,NO_ODDS_MATCH
La Liga,2026-09-06,FINISHED,4,RCD Espanyol de Barcelona,Sevilla FC,1,1,DRAW,564661,,,,,,,,NO_ODDS_MATCH
La Liga,2026-09-07,FINISHED,4,Getafe CF,RC Celta de Vigo,1,1,DRAW,564665,,,,,,,,NO_ODDS_MATCH
La Liga,2026-09-07,FINISHED,4,Elche CF,Real Sociedad de Fútbol,2,3,AWAY_TEAM,564658,,,,,,,,NO_ODDS_MATCH
La Liga,2026-09-11,FINISHED,5,Sevilla FC,Valencia CF,1,0,HOME_TEAM,564669,,,,,,,,NO_ODDS_MATCH
La Liga,2026-09-12,FINISHED,5,Real Racing Club de Santander,Deportivo Alavés,2,1,HOME_TEAM,564670,,,,,,,,NO_ODDS_MATCH
La Liga,2026-09-12,FINISHED,5,CA Osasuna,RCD Espanyol de Barcelona,0,2,AWAY_TEAM,564673,,,,,,,,NO_ODDS_MATCH
La Liga,2026-09-12,FINISHED,5,Athletic Club,Elche CF,1,1,DRAW,564676,,,,,,,,NO_ODDS_MATCH
La Liga,2026-09-12,FINISHED,5,Real Madrid CF,Rayo Vallecano de Madrid,4,1,HOME_TEAM,564677,,,,,,,,NO_ODDS_MATCH
La Liga,2026-09-13,FINISHED,5,RC Celta de Vigo,Málaga CF,1,1,DRAW,564672,,,,,,,,NO_ODDS_MATCH
La Liga,2026-09-13,FINISHED,5,Levante UD,FC Barcelona,2,4,AWAY_TEAM,564675,,,,,,,,NO_ODDS_MATCH
La Liga,2026-09-13,FINISHED,5,Getafe CF,RC Deportivo La Coruña,1,1,DRAW,564668,,,,,,,,NO_ODDS_MATCH
La Liga,2026-09-13,FINISHED,5,Real Sociedad de Fútbol,Club Atlético de Madrid,0,3,AWAY_TEAM,564674,,,,,,,,NO_ODDS_MATCH
La Liga,2026-09-14,FINISHED,5,Villarreal CF,Real Betis Balompié,1,2,AWAY_TEAM,564671,,,,,,,,NO_ODDS_MATCH
La Liga,2026-09-15,FINISHED,6,Rayo Vallecano de Madrid,RCD Espanyol de Barcelona,2,1,HOME_TEAM,564678,,,,,,,,NO_ODDS_MATCH
La Liga,2026-09-15,FINISHED,6,Deportivo Alavés,Valencia CF,0,1,AWAY_TEAM,564680,,,,,,,,NO_ODDS_MATCH
La Liga,2026-09-15,FINISHED,6,Elche CF,Real Madrid CF,2,3,AWAY_TEAM,564681,,,,,,,,NO_ODDS_MATCH
La Liga,2026-09-16,FINISHED,6,RC Deportivo La Coruña,Sevilla FC,0,1,AWAY_TEAM,564679,,,,,,,,NO_ODDS_MATCH
La Liga,2026-09-16,FINISHED,6,Club Atlético de Madrid,CA Osasuna,4,0,HOME_TEAM,564684,,,,,,,,NO_ODDS_MATCH
La Liga,2026-09-16,FINISHED,6,FC Barcelona,Real Racing Club de Santander,7,2,HOME_TEAM,564687,,,,,,,,NO_ODDS_MATCH
La Liga,2026-09-17,FINISHED,6,Real Betis Balompié,Getafe CF,1,0,HOME_TEAM,564686,,,,,,,,NO_ODDS_MATCH
La Liga,2026-09-17,FINISHED,6,Málaga CF,Villarreal CF,1,3,AWAY_TEAM,564683,,,,,,,,NO_ODDS_MATCH
La Liga,2026-09-18,FINISHED,7,RCD Espanyol de Barcelona,Elche CF,1,3,AWAY_TEAM,564692,,,,,,,,NO_ODDS_MATCH
La Liga,2026-09-19,FINISHED,7,CA Osasuna,Rayo Vallecano de Madrid,1,1,DRAW,564693,,,,,,,,NO_ODDS_MATCH
La Liga,2026-09-19,FINISHED,7,Athletic Club,Deportivo Alavés,0,0,DRAW,564691,,,,,,,,NO_ODDS_MATCH
La Liga,2026-09-19,FINISHED,7,RC Celta de Vigo,Real Racing Club de Santander,5,0,HOME_TEAM,564694,,,,,,,,NO_ODDS_MATCH
La Liga,2026-09-19,FINISHED,7,Sevilla FC,FC Barcelona,1,3,AWAY_TEAM,564690,,,,,,,,NO_ODDS_MATCH
La Liga,2026-09-20,FINISHED,7,Getafe CF,Málaga CF,1,0,HOME_TEAM,564697,,,,,,,,NO_ODDS_MATCH
La Liga,2026-09-20,FINISHED,7,Club Atlético de Madrid,Real Madrid CF,2,1,HOME_TEAM,564688,,,,,,,,NO_ODDS_MATCH
La Liga,2026-09-20,FINISHED,7,RC Deportivo La Coruña,Real Betis Balompié,1,1,DRAW,564695,,,,,,,,NO_ODDS_MATCH
La Liga,2026-09-20,FINISHED,7,Villarreal CF,Levante UD,3,1,HOME_TEAM,564696,,,,,,,,NO_ODDS_MATCH
La Liga,2026-09-20,FINISHED,7,Valencia CF,Real Sociedad de Fútbol,2,3,AWAY_TEAM,564689,,,,,,,,NO_ODDS_MATCH
La Liga,2026-10-09,TIMED,8,Málaga CF,RCD Espanyol de Barcelona,,,,564706,,,,,,,,NO_ODDS_MATCH
La Liga,2026-10-10,TIMED,8,Rayo Vallecano de Madrid,Athletic Club,,,,564698,,,,,,,,NO_ODDS_MATCH
La Liga,2026-10-10,TIMED,8,Deportivo Alavés,Club Atlético de Madrid,,,,564699,,,,,,,,NO_ODDS_MATCH
La Liga,2026-10-10,TIMED,8,FC Barcelona,Getafe CF,,,,564700,,,,,,,,NO_ODDS_MATCH
La Liga,2026-10-10,TIMED,8,Real Madrid CF,Villarreal CF,,,,564702,,,,,,,,NO_ODDS_MATCH
La Liga,2026-10-11,TIMED,8,Elche CF,RC Celta de Vigo,,,,564703,,,,,,,,NO_ODDS_MATCH
La Liga,2026-10-11,TIMED,8,Real Sociedad de Fútbol,RC Deportivo La Coruña,,,,564707,,,,,,,,NO_ODDS_MATCH
La Liga,2026-10-11,TIMED,8,Real Betis Balompié,CA Osasuna,,,,564701,,,,,,,,NO_ODDS_MATCH
La Liga,2026-10-11,TIMED,8,Real Racing Club de Santander,Valencia CF,,,,564705,,,,,,,,NO_ODDS_MATCH
La Liga,2026-10-12,TIMED,8,Levante UD,Sevilla FC,,,,564704,,,,,,,,NO_ODDS_MATCH
La Liga,2026-10-16,TIMED,9,RC Deportivo La Coruña,Levante UD,,,,564716,,,,,,,,NO_ODDS_MATCH
La Liga,2026-10-17,TIMED,9,RCD Espanyol de Barcelona,Club Atlético de Madrid,,,,564710,,,,,,,,NO_ODDS_MATCH
La Liga,2026-10-17,TIMED,9,Villarreal CF,Elche CF,,,,564708,,,,,,,,NO_ODDS_MATCH
La Liga,2026-10-17,TIMED,9,Real Betis Balompié,FC Barcelona,,,,564713,,,,,,,,NO_ODDS_MATCH
La Liga,2026-10-17,TIMED,9,Valencia CF,Athletic Club,,,,564711,,,,,,,,NO_ODDS_MATCH
La Liga,2026-10-18,TIMED,9,CA Osasuna,Real Racing Club de Santander,,,,564715,1f566f17c50fe5162724ec2863d2207b,Pinnacle,spreads,-0.5,1.92,0.5,1.93,MATCHED
La Liga,2026-10-18,TIMED,9,CA Osasuna,Real Racing Club de Santander,,,,564715,1f566f17c50fe5162724ec2863d2207b,1xBet,spreads,0.0,1.4,0.0,3.35,MATCHED
La Liga,2026-10-18,TIMED,9,RC Celta de Vigo,Deportivo Alavés,,,,564712,,,,,,,,NO_ODDS_MATCH
La Liga,2026-10-18,TIMED,9,Málaga CF,Real Sociedad de Fútbol,,,,564714,,,,,,,,NO_ODDS_MATCH
La Liga,2026-10-18,TIMED,9,Real Madrid CF,Sevilla FC,,,,564709,,,,,,,,NO_ODDS_MATCH
La Liga,2026-10-19,TIMED,9,Getafe CF,Rayo Vallecano de Madrid,,,,564717,,,,,,,,NO_ODDS_MATCH
La Liga,2026-10-21,TIMED,6,Levante UD,Athletic Club,0,0,DRAW,564685,,,,,,,,NO_ODDS_MATCH
La Liga,2026-10-23,TIMED,10,Deportivo Alavés,Málaga CF,,,,564719,,,,,,,,NO_ODDS_MATCH
La Liga,2026-10-24,TIMED,10,Rayo Vallecano de Madrid,Elche CF,,,,564718,,,,,,,,NO_ODDS_MATCH
La Liga,2026-10-24,TIMED,10,Real Racing Club de Santander,RCD Espanyol de Barcelona,,,,564727,,,,,,,,NO_ODDS_MATCH
La Liga,2026-10-24,TIMED,10,Valencia CF,Villarreal CF,,,,564722,,,,,,,,NO_ODDS_MATCH
La Liga,2026-10-24,TIMED,10,Club Atlético de Madrid,RC Deportivo La Coruña,,,,564724,,,,,,,,NO_ODDS_MATCH
La Liga,2026-10-25,TIMED,10,Athletic Club,Getafe CF,,,,564720,,,,,,,,NO_ODDS_MATCH
La Liga,2026-10-25,TIMED,10,RC Celta de Vigo,Real Betis Balompié,,,,564725,,,,,,,,NO_ODDS_MATCH
La Liga,2026-10-25,TIMED,10,Real Sociedad de Fútbol,Levante UD,,,,564726,,,,,,,,NO_ODDS_MATCH
La Liga,2026-10-25,TIMED,10,FC Barcelona,Real Madrid CF,,,,564723,,,,,,,,NO_ODDS_MATCH
La Liga,2026-10-26,TIMED,10,Sevilla FC,CA Osasuna,,,,564721,,,,,,,,NO_ODDS_MATCH
La Liga,2026-10-30,TIMED,11,Villarreal CF,RCD Espanyol de Barcelona,,,,564737,,,,,,,,NO_ODDS_MATCH
La Liga,2026-10-31,TIMED,11,Levante UD,Club Atlético de Madrid,,,,564730,,,,,,,,NO_ODDS_MATCH
La Liga,2026-10-31,TIMED,11,Rayo Vallecano de Madrid,RC Celta de Vigo,,,,564735,,,,,,,,NO_ODDS_MATCH
La Liga,2026-10-31,TIMED,11,Real Betis Balompié,Málaga CF,,,,564736,,,,,,,,NO_ODDS_MATCH
La Liga,2026-10-31,TIMED,11,FC Barcelona,Deportivo Alavés,,,,564732,,,,,,,,NO_ODDS_MATCH
La Liga,2026-11-01,TIMED,11,Getafe CF,Sevilla FC,,,,564733,,,,,,,,NO_ODDS_MATCH
La Liga,2026-11-01,TIMED,11,Real Racing Club de Santander,Real Madrid CF,,,,564734,,,,,,,,NO_ODDS_MATCH
La Liga,2026-11-01,TIMED,11,Elche CF,Valencia CF,,,,564728,,,,,,,,NO_ODDS_MATCH
La Liga,2026-11-01,TIMED,11,Athletic Club,Real Sociedad de Fútbol,,,,564729,,,,,,,,NO_ODDS_MATCH
La Liga,2026-11-02,TIMED,11,RC Deportivo La Coruña,CA Osasuna,,,,564731,,,,,,,,NO_ODDS_MATCH
La Liga,2026-11-08,SCHEDULED,12,Elche CF,Real Betis Balompié,,,,564738,,,,,,,,NO_ODDS_MATCH
La Liga,2026-11-08,SCHEDULED,12,CA Osasuna,Athletic Club,,,,564739,,,,,,,,NO_ODDS_MATCH
La Liga,2026-11-08,SCHEDULED,12,Sevilla FC,Deportivo Alavés,,,,564740,,,,,,,,NO_ODDS_MATCH
La Liga,2026-11-08,SCHEDULED,12,Valencia CF,Real Madrid CF,,,,564741,,,,,,,,NO_ODDS_MATCH
La Liga,2026-11-08,SCHEDULED,12,RC Celta de Vigo,Levante UD,,,,564742,,,,,,,,NO_ODDS_MATCH
La Liga,2026-11-08,SCHEDULED,12,Real Sociedad de Fútbol,Rayo Vallecano de Madrid,,,,564743,,,,,,,,NO_ODDS_MATCH
La Liga,2026-11-08,SCHEDULED,12,Málaga CF,Real Racing Club de Santander,,,,564744,,,,,,,,NO_ODDS_MATCH
La Liga,2026-11-08,SCHEDULED,12,RCD Espanyol de Barcelona,RC Deportivo La Coruña,,,,564745,,,,,,,,NO_ODDS_MATCH
La Liga,2026-11-08,SCHEDULED,12,Club Atlético de Madrid,FC Barcelona,,,,564746,,,,,,,,NO_ODDS_MATCH
La Liga,2026-11-08,SCHEDULED,12,Villarreal CF,Getafe CF,,,,564747,,,,,,,,NO_ODDS_MATCH
La Liga,2026-11-22,SCHEDULED,13,Athletic Club,RCD Espanyol de Barcelona,,,,564748,,,,,,,,NO_ODDS_MATCH
La Liga,2026-11-22,SCHEDULED,13,FC Barcelona,Villarreal CF,,,,564749,,,,,,,,NO_ODDS_MATCH
La Liga,2026-11-22,SCHEDULED,13,Real Racing Club de Santander,Real Sociedad de Fútbol,,,,564750,,,,,,,,NO_ODDS_MATCH
La Liga,2026-11-22,SCHEDULED,13,Rayo Vallecano de Madrid,Valencia CF,,,,564751,,,,,,,,NO_ODDS_MATCH
La Liga,2026-11-22,SCHEDULED,13,CA Osasuna,Málaga CF,,,,564752,,,,,,,,NO_ODDS_MATCH
La Liga,2026-11-22,SCHEDULED,13,Getafe CF,Club Atlético de Madrid,,,,564753,,,,,,,,NO_ODDS_MATCH
La Liga,2026-11-22,SCHEDULED,13,Real Madrid CF,RC Celta de Vigo,,,,564754,,,,,,,,NO_ODDS_MATCH
La Liga,2026-11-22,SCHEDULED,13,Deportivo Alavés,RC Deportivo La Coruña,,,,564755,,,,,,,,NO_ODDS_MATCH
La Liga,2026-11-22,SCHEDULED,13,Sevilla FC,Real Betis Balompié,,,,564756,,,,,,,,NO_ODDS_MATCH
La Liga,2026-11-22,SCHEDULED,13,Levante UD,Elche CF,,,,564757,,,,,,,,NO_ODDS_MATCH
La Liga,2026-11-29,SCHEDULED,14,RC Celta de Vigo,Villarreal CF,,,,564758,,,,,,,,NO_ODDS_MATCH
La Liga,2026-11-29,SCHEDULED,14,Elche CF,Club Atlético de Madrid,,,,564759,,,,,,,,NO_ODDS_MATCH
La Liga,2026-11-29,SCHEDULED,14,Real Betis Balompié,Rayo Vallecano de Madrid,,,,564760,,,,,,,,NO_ODDS_MATCH
La Liga,2026-11-29,SCHEDULED,14,Valencia CF,CA Osasuna,,,,564761,,,,,,,,NO_ODDS_MATCH
La Liga,2026-11-29,SCHEDULED,14,Real Madrid CF,Deportivo Alavés,,,,564762,,,,,,,,NO_ODDS_MATCH
La Liga,2026-11-29,SCHEDULED,14,RCD Espanyol de Barcelona,Getafe CF,,,,564763,,,,,,,,NO_ODDS_MATCH
La Liga,2026-11-29,SCHEDULED,14,Real Sociedad de Fútbol,Sevilla FC,,,,564764,,,,,,,,NO_ODDS_MATCH
La Liga,2026-11-29,SCHEDULED,14,Levante UD,Real Racing Club de Santander,,,,564765,,,,,,,,NO_ODDS_MATCH
La Liga,2026-11-29,SCHEDULED,14,RC Deportivo La Coruña,FC Barcelona,,,,564766,,,,,,,,NO_ODDS_MATCH
La Liga,2026-11-29,SCHEDULED,14,Málaga CF,Athletic Club,,,,564767,,,,,,,,NO_ODDS_MATCH
La Liga,2026-12-06,SCHEDULED,15,CA Osasuna,Elche CF,,,,564768,,,,,,,,NO_ODDS_MATCH
La Liga,2026-12-06,SCHEDULED,15,Sevilla FC,Málaga CF,,,,564769,,,,,,,,NO_ODDS_MATCH
La Liga,2026-12-06,SCHEDULED,15,Deportivo Alavés,RCD Espanyol de Barcelona,,,,564770,,,,,,,,NO_ODDS_MATCH
La Liga,2026-12-06,SCHEDULED,15,Club Atlético de Madrid,Real Betis Balompié,,,,564771,,,,,,,,NO_ODDS_MATCH
La Liga,2026-12-06,SCHEDULED,15,Real Racing Club de Santander,RC Deportivo La Coruña,,,,564772,,,,,,,,NO_ODDS_MATCH
La Liga,2026-12-06,SCHEDULED,15,FC Barcelona,RC Celta de Vigo,,,,564773,,,,,,,,NO_ODDS_MATCH
La Liga,2026-12-06,SCHEDULED,15,Getafe CF,Valencia CF,,,,564774,,,,,,,,NO_ODDS_MATCH
La Liga,2026-12-06,SCHEDULED,15,Athletic Club,Real Madrid CF,,,,564775,,,,,,,,NO_ODDS_MATCH
La Liga,2026-12-06,SCHEDULED,15,Villarreal CF,Real Sociedad de Fútbol,,,,564776,,,,,,,,NO_ODDS_MATCH
La Liga,2026-12-06,SCHEDULED,15,Rayo Vallecano de Madrid,Levante UD,,,,564777,,,,,,,,NO_ODDS_MATCH
La Liga,2026-12-13,SCHEDULED,16,RCD Espanyol de Barcelona,RC Celta de Vigo,,,,564778,,,,,,,,NO_ODDS_MATCH
La Liga,2026-12-13,SCHEDULED,16,Málaga CF,FC Barcelona,,,,564779,,,,,,,,NO_ODDS_MATCH
La Liga,2026-12-13,SCHEDULED,16,Real Madrid CF,CA Osasuna,,,,564780,,,,,,,,NO_ODDS_MATCH
La Liga,2026-12-13,SCHEDULED,16,RC Deportivo La Coruña,Athletic Club,,,,564781,,,,,,,,NO_ODDS_MATCH
La Liga,2026-12-13,SCHEDULED,16,Levante UD,Deportivo Alavés,,,,564782,,,,,,,,NO_ODDS_MATCH
La Liga,2026-12-13,SCHEDULED,16,Elche CF,Sevilla FC,,,,564783,,,,,,,,NO_ODDS_MATCH
La Liga,2026-12-13,SCHEDULED,16,Villarreal CF,Rayo Vallecano de Madrid,,,,564784,,,,,,,,NO_ODDS_MATCH
La Liga,2026-12-13,SCHEDULED,16,Real Betis Balompié,Real Racing Club de Santander,,,,564785,,,,,,,,NO_ODDS_MATCH
La Liga,2026-12-13,SCHEDULED,16,Real Sociedad de Fútbol,Getafe CF,,,,564786,,,,,,,,NO_ODDS_MATCH
La Liga,2026-12-13,SCHEDULED,16,Club Atlético de Madrid,Valencia CF,,,,564787,,,,,,,,NO_ODDS_MATCH
La Liga,2026-12-20,SCHEDULED,17,Athletic Club,Real Betis Balompié,,,,564788,,,,,,,,NO_ODDS_MATCH
La Liga,2026-12-20,SCHEDULED,17,Getafe CF,Levante UD,,,,564789,,,,,,,,NO_ODDS_MATCH
La Liga,2026-12-20,SCHEDULED,17,Deportivo Alavés,Elche CF,,,,564790,,,,,,,,NO_ODDS_MATCH
La Liga,2026-12-20,SCHEDULED,17,Valencia CF,RCD Espanyol de Barcelona,,,,564791,,,,,,,,NO_ODDS_MATCH
La Liga,2026-12-20,SCHEDULED,17,CA Osasuna,Villarreal CF,,,,564792,,,,,,,,NO_ODDS_MATCH
La Liga,2026-12-20,SCHEDULED,17,FC Barcelona,Real Sociedad de Fútbol,,,,564793,,,,,,,,NO_ODDS_MATCH
La Liga,2026-12-20,SCHEDULED,17,RC Celta de Vigo,Club Atlético de Madrid,,,,564794,,,,,,,,NO_ODDS_MATCH
La Liga,2026-12-20,SCHEDULED,17,Rayo Vallecano de Madrid,Málaga CF,,,,564795,,,,,,,,NO_ODDS_MATCH
La Liga,2026-12-20,SCHEDULED,17,RC Deportivo La Coruña,Real Madrid CF,,,,564796,,,,,,,,NO_ODDS_MATCH
La Liga,2026-12-20,SCHEDULED,17,Sevilla FC,Real Racing Club de Santander,,,,564797,,,,,,,,NO_ODDS_MATCH
La Liga,2027-01-03,SCHEDULED,18,Real Madrid CF,Getafe CF,,,,564798,,,,,,,,NO_ODDS_MATCH
La Liga,2027-01-03,SCHEDULED,18,Real Sociedad de Fútbol,CA Osasuna,,,,564799,,,,,,,,NO_ODDS_MATCH
La Liga,2027-01-03,SCHEDULED,18,Levante UD,Valencia CF,,,,564800,,,,,,,,NO_ODDS_MATCH
La Liga,2027-01-03,SCHEDULED,18,Real Racing Club de Santander,Athletic Club,,,,564801,,,,,,,,NO_ODDS_MATCH
La Liga,2027-01-03,SCHEDULED,18,Málaga CF,Elche CF,,,,564802,,,,,,,,NO_ODDS_MATCH
La Liga,2027-01-03,SCHEDULED,18,Real Betis Balompié,Deportivo Alavés,,,,564803,,,,,,,,NO_ODDS_MATCH
La Liga,2027-01-03,SCHEDULED,18,RC Celta de Vigo,RC Deportivo La Coruña,,,,564804,,,,,,,,NO_ODDS_MATCH
La Liga,2027-01-03,SCHEDULED,18,RCD Espanyol de Barcelona,FC Barcelona,,,,564805,,,,,,,,NO_ODDS_MATCH
La Liga,2027-01-03,SCHEDULED,18,Villarreal CF,Sevilla FC,,,,564806,,,,,,,,NO_ODDS_MATCH
La Liga,2027-01-03,SCHEDULED,18,Rayo Vallecano de Madrid,Club Atlético de Madrid,,,,564807,,,,,,,,NO_ODDS_MATCH
La Liga,2027-01-10,SCHEDULED,19,Athletic Club,Villarreal CF,,,,564808,,,,,,,,NO_ODDS_MATCH
La Liga,2027-01-10,SCHEDULED,19,Elche CF,Getafe CF,,,,564809,,,,,,,,NO_ODDS_MATCH
La Liga,2027-01-10,SCHEDULED,19,Real Madrid CF,Levante UD,,,,564810,,,,,,,,NO_ODDS_MATCH
La Liga,2027-01-10,SCHEDULED,19,CA Osasuna,FC Barcelona,,,,564811,,,,,,,,NO_ODDS_MATCH
La Liga,2027-01-10,SCHEDULED,19,RC Deportivo La Coruña,Rayo Vallecano de Madrid,,,,564812,,,,,,,,NO_ODDS_MATCH
La Liga,2027-01-10,SCHEDULED,19,Club Atlético de Madrid,Real Racing Club de Santander,,,,564813,,,,,,,,NO_ODDS_MATCH
La Liga,2027-01-10,SCHEDULED,19,Deportivo Alavés,Real Sociedad de Fútbol,,,,564814,,,,,,,,NO_ODDS_MATCH
La Liga,2027-01-10,SCHEDULED,19,Sevilla FC,RC Celta de Vigo,,,,564815,,,,,,,,NO_ODDS_MATCH
La Liga,2027-01-10,SCHEDULED,19,RCD Espanyol de Barcelona,Real Betis Balompié,,,,564816,,,,,,,,NO_ODDS_MATCH
La Liga,2027-01-10,SCHEDULED,19,Valencia CF,Málaga CF,,,,564817,,,,,,,,NO_ODDS_MATCH
La Liga,2027-01-17,SCHEDULED,20,Málaga CF,Real Madrid CF,,,,564818,,,,,,,,NO_ODDS_MATCH
La Liga,2027-01-17,SCHEDULED,20,FC Barcelona,Elche CF,,,,564819,,,,,,,,NO_ODDS_MATCH
La Liga,2027-01-17,SCHEDULED,20,Villarreal CF,Deportivo Alavés,,,,564820,,,,,,,,NO_ODDS_MATCH
La Liga,2027-01-17,SCHEDULED,20,Real Racing Club de Santander,CA Osasuna,,,,564821,,,,,,,,NO_ODDS_MATCH
La Liga,2027-01-17,SCHEDULED,20,Levante UD,RCD Espanyol de Barcelona,,,,564822,,,,,,,,NO_ODDS_MATCH
La Liga,2027-01-17,SCHEDULED,20,RC Celta de Vigo,Valencia CF,,,,564823,,,,,,,,NO_ODDS_MATCH
La Liga,2027-01-17,SCHEDULED,20,Getafe CF,Athletic Club,,,,564824,,,,,,,,NO_ODDS_MATCH
La Liga,2027-01-17,SCHEDULED,20,Rayo Vallecano de Madrid,Sevilla FC,,,,564825,,,,,,,,NO_ODDS_MATCH
La Liga,2027-01-17,SCHEDULED,20,Real Betis Balompié,RC Deportivo La Coruña,,,,564826,,,,,,,,NO_ODDS_MATCH
La Liga,2027-01-17,SCHEDULED,20,Club Atlético de Madrid,Real Sociedad de Fútbol,,,,564827,,,,,,,,NO_ODDS_MATCH
La Liga,2027-01-24,SCHEDULED,21,Real Madrid CF,Real Betis Balompié,,,,564828,,,,,,,,NO_ODDS_MATCH
La Liga,2027-01-24,SCHEDULED,21,Getafe CF,CA Osasuna,,,,564829,,,,,,,,NO_ODDS_MATCH
La Liga,2027-01-24,SCHEDULED,21,Valencia CF,Sevilla FC,,,,564830,,,,,,,,NO_ODDS_MATCH
La Liga,2027-01-24,SCHEDULED,21,Elche CF,Rayo Vallecano de Madrid,,,,564831,,,,,,,,NO_ODDS_MATCH
La Liga,2027-01-24,SCHEDULED,21,Deportivo Alavés,FC Barcelona,,,,564832,,,,,,,,NO_ODDS_MATCH
La Liga,2027-01-24,SCHEDULED,21,Real Sociedad de Fútbol,Málaga CF,,,,564833,,,,,,,,NO_ODDS_MATCH
La Liga,2027-01-24,SCHEDULED,21,Real Racing Club de Santander,RC Celta de Vigo,,,,564834,,,,,,,,NO_ODDS_MATCH
La Liga,2027-01-24,SCHEDULED,21,Athletic Club,Levante UD,,,,564835,,,,,,,,NO_ODDS_MATCH
La Liga,2027-01-24,SCHEDULED,21,RCD Espanyol de Barcelona,Villarreal CF,,,,564836,,,,,,,,NO_ODDS_MATCH
La Liga,2027-01-24,SCHEDULED,21,RC Deportivo La Coruña,Club Atlético de Madrid,,,,564837,,,,,,,,NO_ODDS_MATCH
La Liga,2027-01-31,SCHEDULED,22,Real Betis Balompié,Elche CF,,,,564838,,,,,,,,NO_ODDS_MATCH
La Liga,2027-01-31,SCHEDULED,22,Rayo Vallecano de Madrid,Real Madrid CF,,,,564839,,,,,,,,NO_ODDS_MATCH
La Liga,2027-01-31,SCHEDULED,22,Club Atlético de Madrid,RCD Espanyol de Barcelona,,,,564840,,,,,,,,NO_ODDS_MATCH
La Liga,2027-01-31,SCHEDULED,22,RC Celta de Vigo,Getafe CF,,,,564841,,,,,,,,NO_ODDS_MATCH
La Liga,2027-01-31,SCHEDULED,22,Villarreal CF,Real Racing Club de Santander,,,,564842,,,,,,,,NO_ODDS_MATCH
La Liga,2027-01-31,SCHEDULED,22,Levante UD,Real Sociedad de Fútbol,,,,564843,,,,,,,,NO_ODDS_MATCH
La Liga,2027-01-31,SCHEDULED,22,FC Barcelona,Valencia CF,,,,564844,,,,,,,,NO_ODDS_MATCH
La Liga,2027-01-31,SCHEDULED,22,Sevilla FC,Athletic Club,,,,564845,,,,,,,,NO_ODDS_MATCH
La Liga,2027-01-31,SCHEDULED,22,CA Osasuna,RC Deportivo La Coruña,,,,564846,,,,,,,,NO_ODDS_MATCH
La Liga,2027-01-31,SCHEDULED,22,Málaga CF,Deportivo Alavés,,,,564847,,,,,,,,NO_ODDS_MATCH
La Liga,2027-02-07,SCHEDULED,23,Athletic Club,CA Osasuna,,,,564848,,,,,,,,NO_ODDS_MATCH
La Liga,2027-02-07,SCHEDULED,23,Deportivo Alavés,RC Celta de Vigo,,,,564849,,,,,,,,NO_ODDS_MATCH
La Liga,2027-02-07,SCHEDULED,23,Real Betis Balompié,Sevilla FC,,,,564850,,,,,,,,NO_ODDS_MATCH
La Liga,2027-02-07,SCHEDULED,23,Elche CF,Levante UD,,,,564851,,,,,,,,NO_ODDS_MATCH
La Liga,2027-02-07,SCHEDULED,23,RCD Espanyol de Barcelona,Rayo Vallecano de Madrid,,,,564852,,,,,,,,NO_ODDS_MATCH
La Liga,2027-02-07,SCHEDULED,23,Getafe CF,Villarreal CF,,,,564853,,,,,,,,NO_ODDS_MATCH
La Liga,2027-02-07,SCHEDULED,23,RC Deportivo La Coruña,Málaga CF,,,,564854,,,,,,,,NO_ODDS_MATCH
La Liga,2027-02-07,SCHEDULED,23,Real Sociedad de Fútbol,Real Madrid CF,,,,564855,,,,,,,,NO_ODDS_MATCH
La Liga,2027-02-07,SCHEDULED,23,Valencia CF,Real Racing Club de Santander,,,,564856,,,,,,,,NO_ODDS_MATCH
La Liga,2027-02-07,SCHEDULED,23,FC Barcelona,Club Atlético de Madrid,,,,564857,,,,,,,,NO_ODDS_MATCH
La Liga,2027-02-14,SCHEDULED,24,Sevilla FC,RCD Espanyol de Barcelona,,,,564858,,,,,,,,NO_ODDS_MATCH
La Liga,2027-02-14,SCHEDULED,24,CA Osasuna,Club Atlético de Madrid,,,,564859,,,,,,,,NO_ODDS_MATCH
La Liga,2027-02-14,SCHEDULED,24,RC Celta de Vigo,Rayo Vallecano de Madrid,,,,564860,,,,,,,,NO_ODDS_MATCH
La Liga,2027-02-14,SCHEDULED,24,Villarreal CF,FC Barcelona,,,,564861,,,,,,,,NO_ODDS_MATCH
La Liga,2027-02-14,SCHEDULED,24,Real Sociedad de Fútbol,Real Betis Balompié,,,,564862,,,,,,,,NO_ODDS_MATCH
La Liga,2027-02-14,SCHEDULED,24,Elche CF,RC Deportivo La Coruña,,,,564863,,,,,,,,NO_ODDS_MATCH
La Liga,2027-02-14,SCHEDULED,24,Valencia CF,Deportivo Alavés,,,,564864,,,,,,,,NO_ODDS_MATCH
La Liga,2027-02-14,SCHEDULED,24,Levante UD,Málaga CF,,,,564865,,,,,,,,NO_ODDS_MATCH
La Liga,2027-02-14,SCHEDULED,24,Real Racing Club de Santander,Getafe CF,,,,564866,,,,,,,,NO_ODDS_MATCH
La Liga,2027-02-14,SCHEDULED,24,Real Madrid CF,Athletic Club,,,,564867,,,,,,,,NO_ODDS_MATCH
La Liga,2027-02-21,SCHEDULED,25,Deportivo Alavés,Real Racing Club de Santander,,,,564868,,,,,,,,NO_ODDS_MATCH
La Liga,2027-02-21,SCHEDULED,25,Málaga CF,Real Betis Balompié,,,,564869,,,,,,,,NO_ODDS_MATCH
La Liga,2027-02-21,SCHEDULED,25,Villarreal CF,Valencia CF,,,,564870,,,,,,,,NO_ODDS_MATCH
La Liga,2027-02-21,SCHEDULED,25,FC Barcelona,Levante UD,,,,564871,,,,,,,,NO_ODDS_MATCH
La Liga,2027-02-21,SCHEDULED,25,Athletic Club,RC Celta de Vigo,,,,564872,,,,,,,,NO_ODDS_MATCH
La Liga,2027-02-21,SCHEDULED,25,RCD Espanyol de Barcelona,CA Osasuna,,,,564873,,,,,,,,NO_ODDS_MATCH
La Liga,2027-02-21,SCHEDULED,25,Sevilla FC,Real Madrid CF,,,,564874,,,,,,,,NO_ODDS_MATCH
La Liga,2027-02-21,SCHEDULED,25,Club Atlético de Madrid,Elche CF,,,,564875,,,,,,,,NO_ODDS_MATCH
La Liga,2027-02-21,SCHEDULED,25,RC Deportivo La Coruña,Real Sociedad de Fútbol,,,,564876,,,,,,,,NO_ODDS_MATCH
La Liga,2027-02-21,SCHEDULED,25,Rayo Vallecano de Madrid,Getafe CF,,,,564877,,,,,,,,NO_ODDS_MATCH
La Liga,2027-02-28,SCHEDULED,26,RC Celta de Vigo,RCD Espanyol de Barcelona,,,,564878,,,,,,,,NO_ODDS_MATCH
La Liga,2027-02-28,SCHEDULED,26,Levante UD,RC Deportivo La Coruña,,,,564879,,,,,,,,NO_ODDS_MATCH
La Liga,2027-02-28,SCHEDULED,26,Málaga CF,Club Atlético de Madrid,,,,564880,,,,,,,,NO_ODDS_MATCH
La Liga,2027-02-28,SCHEDULED,26,CA Osasuna,Sevilla FC,,,,564881,,,,,,,,NO_ODDS_MATCH
La Liga,2027-02-28,SCHEDULED,26,Real Madrid CF,Valencia CF,,,,564882,,,,,,,,NO_ODDS_MATCH
La Liga,2027-02-28,SCHEDULED,26,Getafe CF,Deportivo Alavés,,,,564883,,,,,,,,NO_ODDS_MATCH
La Liga,2027-02-28,SCHEDULED,26,Athletic Club,FC Barcelona,,,,564884,,,,,,,,NO_ODDS_MATCH
La Liga,2027-02-28,SCHEDULED,26,Real Racing Club de Santander,Rayo Vallecano de Madrid,,,,564885,,,,,,,,NO_ODDS_MATCH
La Liga,2027-02-28,SCHEDULED,26,Real Betis Balompié,Villarreal CF,,,,564886,,,,,,,,NO_ODDS_MATCH
La Liga,2027-02-28,SCHEDULED,26,Real Sociedad de Fútbol,Elche CF,,,,564887,,,,,,,,NO_ODDS_MATCH
La Liga,2027-03-07,SCHEDULED,27,FC Barcelona,Real Betis Balompié,,,,564888,,,,,,,,NO_ODDS_MATCH
La Liga,2027-03-07,SCHEDULED,27,Elche CF,Málaga CF,,,,564889,,,,,,,,NO_ODDS_MATCH
La Liga,2027-03-07,SCHEDULED,27,Deportivo Alavés,Athletic Club,,,,564890,,,,,,,,NO_ODDS_MATCH
La Liga,2027-03-07,SCHEDULED,27,Rayo Vallecano de Madrid,CA Osasuna,,,,564891,,,,,,,,NO_ODDS_MATCH
La Liga,2027-03-07,SCHEDULED,27,Sevilla FC,Real Sociedad de Fútbol,,,,564892,,,,,,,,NO_ODDS_MATCH
La Liga,2027-03-07,SCHEDULED,27,Club Atlético de Madrid,RC Celta de Vigo,,,,564893,,,,,,,,NO_ODDS_MATCH
La Liga,2027-03-07,SCHEDULED,27,Villarreal CF,Real Madrid CF,,,,564894,,,,,,,,NO_ODDS_MATCH
La Liga,2027-03-07,SCHEDULED,27,Valencia CF,Levante UD,,,,564895,,,,,,,,NO_ODDS_MATCH
La Liga,2027-03-07,SCHEDULED,27,RC Deportivo La Coruña,Getafe CF,,,,564896,,,,,,,,NO_ODDS_MATCH
La Liga,2027-03-07,SCHEDULED,27,RCD Espanyol de Barcelona,Real Racing Club de Santander,,,,564897,,,,,,,,NO_ODDS_MATCH
La Liga,2027-03-14,SCHEDULED,28,CA Osasuna,RC Celta de Vigo,,,,564898,,,,,,,,NO_ODDS_MATCH
La Liga,2027-03-14,SCHEDULED,28,Elche CF,Villarreal CF,,,,564899,,,,,,,,NO_ODDS_MATCH
La Liga,2027-03-14,SCHEDULED,28,Deportivo Alavés,Sevilla FC,,,,564900,,,,,,,,NO_ODDS_MATCH
La Liga,2027-03-14,SCHEDULED,28,Athletic Club,Valencia CF,,,,564901,,,,,,,,NO_ODDS_MATCH
La Liga,2027-03-14,SCHEDULED,28,Real Betis Balompié,Levante UD,,,,564902,,,,,,,,NO_ODDS_MATCH
La Liga,2027-03-14,SCHEDULED,28,Real Racing Club de Santander,Club Atlético de Madrid,,,,564903,,,,,,,,NO_ODDS_MATCH
La Liga,2027-03-14,SCHEDULED,28,Málaga CF,Rayo Vallecano de Madrid,,,,564904,,,,,,,,NO_ODDS_MATCH
La Liga,2027-03-14,SCHEDULED,28,Getafe CF,Real Sociedad de Fútbol,,,,564905,,,,,,,,NO_ODDS_MATCH
La Liga,2027-03-14,SCHEDULED,28,FC Barcelona,RC Deportivo La Coruña,,,,564906,,,,,,,,NO_ODDS_MATCH
La Liga,2027-03-14,SCHEDULED,28,Real Madrid CF,RCD Espanyol de Barcelona,,,,564907,,,,,,,,NO_ODDS_MATCH
La Liga,2027-03-21,SCHEDULED,29,Villarreal CF,Málaga CF,,,,564908,,,,,,,,NO_ODDS_MATCH
La Liga,2027-03-21,SCHEDULED,29,Sevilla FC,Elche CF,,,,564909,,,,,,,,NO_ODDS_MATCH
La Liga,2027-03-21,SCHEDULED,29,Levante UD,CA Osasuna,,,,564910,,,,,,,,NO_ODDS_MATCH
La Liga,2027-03-21,SCHEDULED,29,RC Celta de Vigo,Real Madrid CF,,,,564911,,,,,,,,NO_ODDS_MATCH
La Liga,2027-03-21,SCHEDULED,29,Rayo Vallecano de Madrid,FC Barcelona,,,,564912,,,,,,,,NO_ODDS_MATCH
La Liga,2027-03-21,SCHEDULED,29,Real Sociedad de Fútbol,Deportivo Alavés,,,,564913,,,,,,,,NO_ODDS_MATCH
La Liga,2027-03-21,SCHEDULED,29,RCD Espanyol de Barcelona,Athletic Club,,,,564914,,,,,,,,NO_ODDS_MATCH
La Liga,2027-03-21,SCHEDULED,29,Real Racing Club de Santander,Real Betis Balompié,,,,564915,,,,,,,,NO_ODDS_MATCH
La Liga,2027-03-21,SCHEDULED,29,Valencia CF,RC Deportivo La Coruña,,,,564916,,,,,,,,NO_ODDS_MATCH
La Liga,2027-03-21,SCHEDULED,29,Club Atlético de Madrid,Getafe CF,,,,564917,,,,,,,,NO_ODDS_MATCH
La Liga,2027-04-04,SCHEDULED,30,Levante UD,Rayo Vallecano de Madrid,,,,564918,,,,,,,,NO_ODDS_MATCH
La Liga,2027-04-04,SCHEDULED,30,FC Barcelona,Sevilla FC,,,,564919,,,,,,,,NO_ODDS_MATCH
La Liga,2027-04-04,SCHEDULED,30,Málaga CF,CA Osasuna,,,,564920,,,,,,,,NO_ODDS_MATCH
La Liga,2027-04-04,SCHEDULED,30,Athletic Club,Real Racing Club de Santander,,,,564921,,,,,,,,NO_ODDS_MATCH
La Liga,2027-04-04,SCHEDULED,30,RC Deportivo La Coruña,Villarreal CF,,,,564922,,,,,,,,NO_ODDS_MATCH
La Liga,2027-04-04,SCHEDULED,30,Real Sociedad de Fútbol,Valencia CF,,,,564923,,,,,,,,NO_ODDS_MATCH
La Liga,2027-04-04,SCHEDULED,30,Elche CF,Deportivo Alavés,,,,564924,,,,,,,,NO_ODDS_MATCH
La Liga,2027-04-04,SCHEDULED,30,Real Madrid CF,Club Atlético de Madrid,,,,564925,,,,,,,,NO_ODDS_MATCH
La Liga,2027-04-04,SCHEDULED,30,Getafe CF,RCD Espanyol de Barcelona,,,,564926,,,,,,,,NO_ODDS_MATCH
La Liga,2027-04-04,SCHEDULED,30,Real Betis Balompié,RC Celta de Vigo,,,,564927,,,,,,,,NO_ODDS_MATCH
La Liga,2027-04-11,SCHEDULED,31,Rayo Vallecano de Madrid,Real Sociedad de Fútbol,,,,564928,,,,,,,,NO_ODDS_MATCH
La Liga,2027-04-11,SCHEDULED,31,RCD Espanyol de Barcelona,Málaga CF,,,,564929,,,,,,,,NO_ODDS_MATCH
La Liga,2027-04-11,SCHEDULED,31,Villarreal CF,Athletic Club,,,,564930,,,,,,,,NO_ODDS_MATCH
La Liga,2027-04-11,SCHEDULED,31,Deportivo Alavés,Real Betis Balompié,,,,564931,,,,,,,,NO_ODDS_MATCH
La Liga,2027-04-11,SCHEDULED,31,Valencia CF,Getafe CF,,,,564932,,,,,,,,NO_ODDS_MATCH
La Liga,2027-04-11,SCHEDULED,31,Sevilla FC,RC Deportivo La Coruña,,,,564933,,,,,,,,NO_ODDS_MATCH
La Liga,2027-04-11,SCHEDULED,31,RC Celta de Vigo,Elche CF,,,,564934,,,,,,,,NO_ODDS_MATCH
La Liga,2027-04-11,SCHEDULED,31,Real Racing Club de Santander,FC Barcelona,,,,564935,,,,,,,,NO_ODDS_MATCH
La Liga,2027-04-11,SCHEDULED,31,CA Osasuna,Real Madrid CF,,,,564936,,,,,,,,NO_ODDS_MATCH
La Liga,2027-04-11,SCHEDULED,31,Club Atlético de Madrid,Levante UD,,,,564937,,,,,,,,NO_ODDS_MATCH
La Liga,2027-04-18,SCHEDULED,32,Club Atlético de Madrid,Sevilla FC,,,,564938,,,,,,,,NO_ODDS_MATCH
La Liga,2027-04-18,SCHEDULED,32,FC Barcelona,RCD Espanyol de Barcelona,,,,564939,,,,,,,,NO_ODDS_MATCH
La Liga,2027-04-18,SCHEDULED,32,Levante UD,Villarreal CF,,,,564940,,,,,,,,NO_ODDS_MATCH
La Liga,2027-04-18,SCHEDULED,32,Real Sociedad de Fútbol,Real Racing Club de Santander,,,,564941,,,,,,,,NO_ODDS_MATCH
La Liga,2027-04-18,SCHEDULED,32,Málaga CF,Valencia CF,,,,564942,,,,,,,,NO_ODDS_MATCH
La Liga,2027-04-18,SCHEDULED,32,RC Deportivo La Coruña,RC Celta de Vigo,,,,564943,,,,,,,,NO_ODDS_MATCH
La Liga,2027-04-18,SCHEDULED,32,Elche CF,CA Osasuna,,,,564944,,,,,,,,NO_ODDS_MATCH
La Liga,2027-04-18,SCHEDULED,32,Deportivo Alavés,Rayo Vallecano de Madrid,,,,564945,,,,,,,,NO_ODDS_MATCH
La Liga,2027-04-18,SCHEDULED,32,Real Betis Balompié,Athletic Club,,,,564946,,,,,,,,NO_ODDS_MATCH
La Liga,2027-04-18,SCHEDULED,32,Getafe CF,Real Madrid CF,,,,564947,,,,,,,,NO_ODDS_MATCH
La Liga,2027-04-21,SCHEDULED,33,Getafe CF,Real Betis Balompié,,,,564948,,,,,,,,NO_ODDS_MATCH
La Liga,2027-04-21,SCHEDULED,33,Valencia CF,Rayo Vallecano de Madrid,,,,564949,,,,,,,,NO_ODDS_MATCH
La Liga,2027-04-21,SCHEDULED,33,RC Celta de Vigo,FC Barcelona,,,,564950,,,,,,,,NO_ODDS_MATCH
La Liga,2027-04-21,SCHEDULED,33,CA Osasuna,Deportivo Alavés,,,,564951,,,,,,,,NO_ODDS_MATCH
La Liga,2027-04-21,SCHEDULED,33,Real Madrid CF,Elche CF,,,,564952,,,,,,,,NO_ODDS_MATCH
La Liga,2027-04-21,SCHEDULED,33,Athletic Club,RC Deportivo La Coruña,,,,564953,,,,,,,,NO_ODDS_MATCH
La Liga,2027-04-21,SCHEDULED,33,Real Racing Club de Santander,Málaga CF,,,,564954,,,,,,,,NO_ODDS_MATCH
La Liga,2027-04-21,SCHEDULED,33,Villarreal CF,Club Atlético de Madrid,,,,564955,,,,,,,,NO_ODDS_MATCH
La Liga,2027-04-21,SCHEDULED,33,Sevilla FC,Levante UD,,,,564956,,,,,,,,NO_ODDS_MATCH
La Liga,2027-04-21,SCHEDULED,33,RCD Espanyol de Barcelona,Real Sociedad de Fútbol,,,,564957,,,,,,,,NO_ODDS_MATCH
La Liga,2027-05-02,SCHEDULED,34,RC Deportivo La Coruña,Real Racing Club de Santander,,,,564958,,,,,,,,NO_ODDS_MATCH
La Liga,2027-05-02,SCHEDULED,34,RC Celta de Vigo,Sevilla FC,,,,564959,,,,,,,,NO_ODDS_MATCH
La Liga,2027-05-02,SCHEDULED,34,Real Sociedad de Fútbol,Athletic Club,,,,564960,,,,,,,,NO_ODDS_MATCH
La Liga,2027-05-02,SCHEDULED,34,FC Barcelona,CA Osasuna,,,,564961,,,,,,,,NO_ODDS_MATCH
La Liga,2027-05-02,SCHEDULED,34,Rayo Vallecano de Madrid,Villarreal CF,,,,564962,,,,,,,,NO_ODDS_MATCH
La Liga,2027-05-02,SCHEDULED,34,Málaga CF,Getafe CF,,,,564963,,,,,,,,NO_ODDS_MATCH
La Liga,2027-05-02,SCHEDULED,34,Real Betis Balompié,Valencia CF,,,,564964,,,,,,,,NO_ODDS_MATCH
La Liga,2027-05-02,SCHEDULED,34,Elche CF,RCD Espanyol de Barcelona,,,,564965,,,,,,,,NO_ODDS_MATCH
La Liga,2027-05-02,SCHEDULED,34,Levante UD,Real Madrid CF,,,,564966,,,,,,,,NO_ODDS_MATCH
La Liga,2027-05-02,SCHEDULED,34,Club Atlético de Madrid,Deportivo Alavés,,,,564967,,,,,,,,NO_ODDS_MATCH
La Liga,2027-05-09,SCHEDULED,35,Valencia CF,Club Atlético de Madrid,,,,564968,,,,,,,,NO_ODDS_MATCH
La Liga,2027-05-09,SCHEDULED,35,CA Osasuna,Real Sociedad de Fútbol,,,,564969,,,,,,,,NO_ODDS_MATCH
La Liga,2027-05-09,SCHEDULED,35,Deportivo Alavés,Levante UD,,,,564970,,,,,,,,NO_ODDS_MATCH
La Liga,2027-05-09,SCHEDULED,35,Athletic Club,Málaga CF,,,,564971,,,,,,,,NO_ODDS_MATCH
La Liga,2027-05-09,SCHEDULED,35,Real Racing Club de Santander,Sevilla FC,,,,564972,,,,,,,,NO_ODDS_MATCH
La Liga,2027-05-09,SCHEDULED,35,Rayo Vallecano de Madrid,RC Deportivo La Coruña,,,,564973,,,,,,,,NO_ODDS_MATCH
La Liga,2027-05-09,SCHEDULED,35,Real Betis Balompié,RCD Espanyol de Barcelona,,,,564974,,,,,,,,NO_ODDS_MATCH
La Liga,2027-05-09,SCHEDULED,35,Real Madrid CF,FC Barcelona,,,,564975,,,,,,,,NO_ODDS_MATCH
La Liga,2027-05-09,SCHEDULED,35,Getafe CF,Elche CF,,,,564976,,,,,,,,NO_ODDS_MATCH
La Liga,2027-05-09,SCHEDULED,35,Villarreal CF,RC Celta de Vigo,,,,564977,,,,,,,,NO_ODDS_MATCH
La Liga,2027-05-16,SCHEDULED,36,Club Atlético de Madrid,Rayo Vallecano de Madrid,,,,564978,,,,,,,,NO_ODDS_MATCH
La Liga,2027-05-16,SCHEDULED,36,Sevilla FC,Villarreal CF,,,,564979,,,,,,,,NO_ODDS_MATCH
La Liga,2027-05-16,SCHEDULED,36,Real Sociedad de Fútbol,FC Barcelona,,,,564980,,,,,,,,NO_ODDS_MATCH
La Liga,2027-05-16,SCHEDULED,36,Elche CF,Athletic Club,,,,564981,,,,,,,,NO_ODDS_MATCH
La Liga,2027-05-16,SCHEDULED,36,Málaga CF,RC Celta de Vigo,,,,564982,,,,,,,,NO_ODDS_MATCH
La Liga,2027-05-16,SCHEDULED,36,RC Deportivo La Coruña,Deportivo Alavés,,,,564983,,,,,,,,NO_ODDS_MATCH
La Liga,2027-05-16,SCHEDULED,36,Levante UD,Getafe CF,,,,564984,,,,,,,,NO_ODDS_MATCH
La Liga,2027-05-16,SCHEDULED,36,RCD Espanyol de Barcelona,Valencia CF,,,,564985,,,,,,,,NO_ODDS_MATCH
La Liga,2027-05-16,SCHEDULED,36,Real Madrid CF,Real Racing Club de Santander,,,,564986,,,,,,,,NO_ODDS_MATCH
La Liga,2027-05-16,SCHEDULED,36,CA Osasuna,Real Betis Balompié,,,,564987,,,,,,,,NO_ODDS_MATCH
La Liga,2027-05-23,SCHEDULED,37,Club Atlético de Madrid,Athletic Club,,,,564992,,,,,,,,NO_ODDS_MATCH
La Liga,2027-05-23,SCHEDULED,37,Deportivo Alavés,Real Madrid CF,,,,564993,,,,,,,,NO_ODDS_MATCH
La Liga,2027-05-23,SCHEDULED,37,Sevilla FC,Getafe CF,,,,564994,,,,,,,,NO_ODDS_MATCH
La Liga,2027-05-23,SCHEDULED,37,Villarreal CF,CA Osasuna,,,,564995,,,,,,,,NO_ODDS_MATCH
La Liga,2027-05-23,SCHEDULED,37,Real Racing Club de Santander,Levante UD,,,,564996,,,,,,,,NO_ODDS_MATCH
La Liga,2027-05-23,SCHEDULED,37,RC Deportivo La Coruña,RCD Espanyol de Barcelona,,,,564997,,,,,,,,NO_ODDS_MATCH
La Liga,2027-05-23,SCHEDULED,37,Rayo Vallecano de Madrid,Real Betis Balompié,,,,564988,,,,,,,,NO_ODDS_MATCH
La Liga,2027-05-23,SCHEDULED,37,FC Barcelona,Málaga CF,,,,564989,,,,,,,,NO_ODDS_MATCH
La Liga,2027-05-23,SCHEDULED,37,Valencia CF,Elche CF,,,,564990,,,,,,,,NO_ODDS_MATCH
La Liga,2027-05-23,SCHEDULED,37,RC Celta de Vigo,Real Sociedad de Fútbol,,,,564991,,,,,,,,NO_ODDS_MATCH
La Liga,2027-05-30,SCHEDULED,38,Levante UD,RC Celta de Vigo,,,,564998,,,,,,,,NO_ODDS_MATCH
La Liga,2027-05-30,SCHEDULED,38,Real Madrid CF,RC Deportivo La Coruña,,,,564999,,,,,,,,NO_ODDS_MATCH
La Liga,2027-05-30,SCHEDULED,38,Real Betis Balompié,Club Atlético de Madrid,,,,565000,,,,,,,,NO_ODDS_MATCH
La Liga,2027-05-30,SCHEDULED,38,Real Sociedad de Fútbol,Villarreal CF,,,,565001,,,,,,,,NO_ODDS_MATCH
La Liga,2027-05-30,SCHEDULED,38,Málaga CF,Sevilla FC,,,,565002,,,,,,,,NO_ODDS_MATCH
La Liga,2027-05-30,SCHEDULED,38,Elche CF,Real Racing Club de Santander,,,,565003,,,,,,,,NO_ODDS_MATCH
La Liga,2027-05-30,SCHEDULED,38,Athletic Club,Rayo Vallecano de Madrid,,,,565004,,,,,,,,NO_ODDS_MATCH
La Liga,2027-05-30,SCHEDULED,38,RCD Espanyol de Barcelona,Deportivo Alavés,,,,565005,,,,,,,,NO_ODDS_MATCH
La Liga,2027-05-30,SCHEDULED,38,Getafe CF,FC Barcelona,,,,565006,,,,,,,,NO_ODDS_MATCH
La Liga,2027-05-30,SCHEDULED,38,CA Osasuna,Valencia CF,,,,565007,,,,,,,,NO_ODDS_MATCH
Serie A,2026-08-22,FINISHED,1,Udinese Calcio,Como 1907,1,1,DRAW,558629,,,,,,,,NO_ODDS_MATCH
Serie A,2026-08-22,FINISHED,1,FC Internazionale Milano,AC Monza,4,1,HOME_TEAM,558632,,,,,,,,NO_ODDS_MATCH
Serie A,2026-08-22,FINISHED,1,Genoa CFC,SSC Napoli,0,2,AWAY_TEAM,558631,,,,,,,,NO_ODDS_MATCH
Serie A,2026-08-22,FINISHED,1,Parma Calcio 1913,Cagliari Calcio,0,1,AWAY_TEAM,558636,,,,,,,,NO_ODDS_MATCH
Serie A,2026-08-23,FINISHED,1,Frosinone Calcio,Juventus FC,0,1,AWAY_TEAM,558635,,,,,,,,NO_ODDS_MATCH
Serie A,2026-08-23,FINISHED,1,Venezia FC,US Lecce,0,2,AWAY_TEAM,558637,,,,,,,,NO_ODDS_MATCH
Serie A,2026-08-23,FINISHED,1,Atalanta BC,US Sassuolo Calcio,2,1,HOME_TEAM,558633,,,,,,,,NO_ODDS_MATCH
Serie A,2026-08-23,FINISHED,1,Torino FC,AC Milan,1,2,AWAY_TEAM,558634,,,,,,,,NO_ODDS_MATCH
Serie A,2026-08-24,FINISHED,1,Bologna FC 1909,SS Lazio,0,1,AWAY_TEAM,558630,,,,,,,,NO_ODDS_MATCH
Serie A,2026-08-24,FINISHED,1,AS Roma,ACF Fiorentina,4,0,HOME_TEAM,558638,,,,,,,,NO_ODDS_MATCH
Serie A,2026-08-28,FINISHED,2,AC Milan,Venezia FC,2,0,HOME_TEAM,558625,,,,,,,,NO_ODDS_MATCH
Serie A,2026-08-29,FINISHED,2,US Sassuolo Calcio,Torino FC,2,1,HOME_TEAM,558620,,,,,,,,NO_ODDS_MATCH
Serie A,2026-08-29,FINISHED,2,AC Monza,Udinese Calcio,2,3,AWAY_TEAM,558624,,,,,,,,NO_ODDS_MATCH
Serie A,2026-08-29,FINISHED,2,ACF Fiorentina,Frosinone Calcio,0,3,AWAY_TEAM,558627,,,,,,,,NO_ODDS_MATCH
Serie A,2026-08-29,FINISHED,2,Juventus FC,Parma Calcio 1913,2,0,HOME_TEAM,558619,,,,,,,,NO_ODDS_MATCH
Serie A,2026-08-30,FINISHED,2,SSC Napoli,Como 1907,1,2,AWAY_TEAM,558626,,,,,,,,NO_ODDS_MATCH
Serie A,2026-08-30,FINISHED,2,SS Lazio,Genoa CFC,1,0,HOME_TEAM,558622,,,,,,,,NO_ODDS_MATCH
Serie A,2026-08-30,FINISHED,2,Cagliari Calcio,FC Internazionale Milano,0,1,AWAY_TEAM,558623,,,,,,,,NO_ODDS_MATCH
Serie A,2026-08-31,FINISHED,2,US Lecce,AS Roma,0,4,AWAY_TEAM,558621,,,,,,,,NO_ODDS_MATCH
Serie A,2026-08-31,FINISHED,2,Atalanta BC,Bologna FC 1909,1,0,HOME_TEAM,558628,,,,,,,,NO_ODDS_MATCH
Serie A,2026-09-04,FINISHED,3,Genoa CFC,Como 1907,1,4,AWAY_TEAM,558609,,,,,,,,NO_ODDS_MATCH
Serie A,2026-09-05,FINISHED,3,ACF Fiorentina,Torino FC,1,2,AWAY_TEAM,558616,,,,,,,,NO_ODDS_MATCH
Serie A,2026-09-05,FINISHED,3,FC Internazionale Milano,SSC Napoli,3,2,HOME_TEAM,558614,,,,,,,,NO_ODDS_MATCH
Serie A,2026-09-05,FINISHED,3,AS Roma,Atalanta BC,2,1,HOME_TEAM,558611,,,,,,,,NO_ODDS_MATCH
Serie A,2026-09-06,FINISHED,3,Parma Calcio 1913,AC Monza,1,1,DRAW,558612,,,,,,,,NO_ODDS_MATCH
Serie A,2026-09-06,FINISHED,3,Frosinone Calcio,Venezia FC,3,2,HOME_TEAM,558615,,,,,,,,NO_ODDS_MATCH
Serie A,2026-09-06,FINISHED,3,Bologna FC 1909,US Sassuolo Calcio,2,2,DRAW,558613,,,,,,,,NO_ODDS_MATCH
Serie A,2026-09-06,FINISHED,3,Juventus FC,AC Milan,1,1,DRAW,558618,,,,,,,,NO_ODDS_MATCH
Serie A,2026-09-07,FINISHED,3,Cagliari Calcio,US Lecce,1,0,HOME_TEAM,558610,,,,,,,,NO_ODDS_MATCH
Serie A,2026-09-07,FINISHED,3,Udinese Calcio,SS Lazio,1,2,AWAY_TEAM,558617,,,,,,,,NO_ODDS_MATCH
Serie A,2026-09-11,FINISHED,4,Venezia FC,ACF Fiorentina,2,4,AWAY_TEAM,558606,,,,,,,,NO_ODDS_MATCH
Serie A,2026-09-12,FINISHED,4,Genoa CFC,Frosinone Calcio,1,1,DRAW,558604,,,,,,,,NO_ODDS_MATCH
Serie A,2026-09-12,FINISHED,4,SS Lazio,AC Milan,2,2,DRAW,558600,,,,,,,,NO_ODDS_MATCH
Serie A,2026-09-12,FINISHED,4,Atalanta BC,Cagliari Calcio,1,2,AWAY_TEAM,558607,,,,,,,,NO_ODDS_MATCH
Serie A,2026-09-13,FINISHED,4,US Lecce,AC Monza,3,2,HOME_TEAM,558605,,,,,,,,NO_ODDS_MATCH
Serie A,2026-09-13,FINISHED,4,SSC Napoli,Bologna FC 1909,1,0,HOME_TEAM,558599,,,,,,,,NO_ODDS_MATCH
Serie A,2026-09-13,FINISHED,4,US Sassuolo Calcio,Juventus FC,3,2,HOME_TEAM,558608,,,,,,,,NO_ODDS_MATCH
Serie A,2026-09-14,FINISHED,4,Como 1907,Parma Calcio 1913,2,1,HOME_TEAM,558602,,,,,,,,NO_ODDS_MATCH
Serie A,2026-09-14,FINISHED,4,Torino FC,AS Roma,0,2,AWAY_TEAM,558603,,,,,,,,NO_ODDS_MATCH
Serie A,2026-09-14,FINISHED,4,FC Internazionale Milano,Udinese Calcio,5,3,HOME_TEAM,558601,,,,,,,,NO_ODDS_MATCH
Serie A,2026-09-18,FINISHED,5,AC Monza,US Sassuolo Calcio,2,1,HOME_TEAM,558596,,,,,,,,NO_ODDS_MATCH
Serie A,2026-09-19,FINISHED,5,Bologna FC 1909,Torino FC,1,1,DRAW,558598,,,,,,,,NO_ODDS_MATCH
Serie A,2026-09-19,FINISHED,5,Udinese Calcio,Cagliari Calcio,0,1,AWAY_TEAM,558589,,,,,,,,NO_ODDS_MATCH
Serie A,2026-09-19,FINISHED,5,AS Roma,FC Internazionale Milano,2,2,DRAW,558593,,,,,,,,NO_ODDS_MATCH
Serie A,2026-09-19,FINISHED,5,Venezia FC,SS Lazio,0,2,AWAY_TEAM,558594,,,,,,,,NO_ODDS_MATCH
Serie A,2026-09-20,FINISHED,5,ACF Fiorentina,SSC Napoli,1,1,DRAW,558591,,,,,,,,NO_ODDS_MATCH
Serie A,2026-09-20,FINISHED,5,Frosinone Calcio,Como 1907,2,0,HOME_TEAM,558592,,,,,,,,NO_ODDS_MATCH
Serie A,2026-09-20,FINISHED,5,Parma Calcio 1913,Genoa CFC,2,1,HOME_TEAM,558590,,,,,,,,NO_ODDS_MATCH
Serie A,2026-09-20,FINISHED,5,Juventus FC,Atalanta BC,2,0,HOME_TEAM,558595,,,,,,,,NO_ODDS_MATCH
Serie A,2026-09-20,FINISHED,5,AC Milan,US Lecce,3,0,HOME_TEAM,558597,,,,,,,,NO_ODDS_MATCH
Serie A,2026-10-10,TIMED,6,Genoa CFC,ACF Fiorentina,,,,558588,,,,,,,,NO_ODDS_MATCH
Serie A,2026-10-10,TIMED,6,FC Internazionale Milano,Parma Calcio 1913,,,,558582,,,,,,,,NO_ODDS_MATCH
Serie A,2026-10-10,TIMED,6,SSC Napoli,Frosinone Calcio,,,,558586,,,,,,,,NO_ODDS_MATCH
Serie A,2026-10-11,TIMED,6,Como 1907,AS Roma,,,,558585,,,,,,,,NO_ODDS_MATCH
Serie A,2026-10-11,TIMED,6,US Lecce,Bologna FC 1909,,,,558581,,,,,,,,NO_ODDS_MATCH
Serie A,2026-10-11,TIMED,6,SS Lazio,AC Monza,,,,558583,,,,,,,,NO_ODDS_MATCH
Serie A,2026-10-11,TIMED,6,US Sassuolo Calcio,AC Milan,,,,558580,,,,,,,,NO_ODDS_MATCH
Serie A,2026-10-11,TIMED,6,Cagliari Calcio,Juventus FC,,,,558584,,,,,,,,NO_ODDS_MATCH
Serie A,2026-10-12,TIMED,6,Atalanta BC,Venezia FC,,,,558579,,,,,,,,NO_ODDS_MATCH
Serie A,2026-10-12,TIMED,6,Torino FC,Udinese Calcio,,,,558587,,,,,,,,NO_ODDS_MATCH
Serie A,2026-10-16,TIMED,7,Frosinone Calcio,US Sassuolo Calcio,,,,558573,,,,,,,,NO_ODDS_MATCH
Serie A,2026-10-17,TIMED,7,Venezia FC,SSC Napoli,,,,558575,,,,,,,,NO_ODDS_MATCH
Serie A,2026-10-17,TIMED,7,Bologna FC 1909,FC Internazionale Milano,,,,558571,,,,,,,,NO_ODDS_MATCH
Serie A,2026-10-17,TIMED,7,AS Roma,Genoa CFC,,,,558572,,,,,,,,NO_ODDS_MATCH
Serie A,2026-10-18,TIMED,7,Udinese Calcio,US Lecce,,,,558574,,,,,,,,NO_ODDS_MATCH
Serie A,2026-10-18,TIMED,7,ACF Fiorentina,Como 1907,,,,558577,,,,,,,,NO_ODDS_MATCH
Serie A,2026-10-18,TIMED,7,AC Milan,Atalanta BC,,,,558569,f9403dd597edbfaa73abdc974e55344c,Pinnacle,spreads,-0.5,1.86,0.5,1.99,MATCHED
Serie A,2026-10-18,TIMED,7,AC Milan,Atalanta BC,,,,558569,f9403dd597edbfaa73abdc974e55344c,1xBet,spreads,0.0,1.4,0.0,3.35,MATCHED
Serie A,2026-10-18,TIMED,7,Juventus FC,SS Lazio,,,,558570,,,,,,,,NO_ODDS_MATCH
Serie A,2026-10-19,TIMED,7,AC Monza,Cagliari Calcio,,,,558576,,,,,,,,NO_ODDS_MATCH
Serie A,2026-10-19,TIMED,7,Parma Calcio 1913,Torino FC,,,,558578,,,,,,,,NO_ODDS_MATCH
Serie A,2026-10-23,TIMED,8,Torino FC,AC Monza,,,,558567,,,,,,,,NO_ODDS_MATCH
Serie A,2026-10-24,TIMED,8,Cagliari Calcio,Bologna FC 1909,,,,558560,,,,,,,,NO_ODDS_MATCH
Serie A,2026-10-24,TIMED,8,Como 1907,US Sassuolo Calcio,,,,558561,,,,,,,,NO_ODDS_MATCH
Serie A,2026-10-24,TIMED,8,SSC Napoli,AS Roma,,,,558564,,,,,,,,NO_ODDS_MATCH
Serie A,2026-10-24,TIMED,8,SS Lazio,Parma Calcio 1913,,,,558565,,,,,,,,NO_ODDS_MATCH
Serie A,2026-10-25,TIMED,8,FC Internazionale Milano,ACF Fiorentina,,,,558563,,,,,,,,NO_ODDS_MATCH
Serie A,2026-10-25,TIMED,8,Atalanta BC,Frosinone Calcio,,,,558562,,,,,,,,NO_ODDS_MATCH
Serie A,2026-10-25,TIMED,8,Genoa CFC,Venezia FC,,,,558568,,,,,,,,NO_ODDS_MATCH
Serie A,2026-10-25,TIMED,8,US Lecce,Juventus FC,,,,558566,,,,,,,,NO_ODDS_MATCH
Serie A,2026-10-25,TIMED,8,Udinese Calcio,AC Milan,,,,558559,,,,,,,,NO_ODDS_MATCH
Serie A,2026-10-27,TIMED,9,US Sassuolo Calcio,SS Lazio,,,,558556,,,,,,,,NO_ODDS_MATCH
Serie A,2026-10-27,TIMED,9,AS Roma,Cagliari Calcio,,,,558555,,,,,,,,NO_ODDS_MATCH
Serie A,2026-10-27,TIMED,9,Torino FC,Como 1907,,,,558557,,,,,,,,NO_ODDS_MATCH
Serie A,2026-10-28,TIMED,9,AC Milan,Bologna FC 1909,,,,558549,,,,,,,,NO_ODDS_MATCH
Serie A,2026-10-28,TIMED,9,Venezia FC,FC Internazionale Milano,,,,558550,,,,,,,,NO_ODDS_MATCH
Serie A,2026-10-28,TIMED,9,Parma Calcio 1913,Udinese Calcio,,,,558553,,,,,,,,NO_ODDS_MATCH
Serie A,2026-10-28,TIMED,9,Genoa CFC,Juventus FC,,,,558552,,,,,,,,NO_ODDS_MATCH
Serie A,2026-10-28,TIMED,9,AC Monza,SSC Napoli,,,,558554,,,,,,,,NO_ODDS_MATCH
Serie A,2026-10-29,TIMED,9,Frosinone Calcio,US Lecce,,,,558558,,,,,,,,NO_ODDS_MATCH
Serie A,2026-10-29,TIMED,9,ACF Fiorentina,Atalanta BC,,,,558551,,,,,,,,NO_ODDS_MATCH
Serie A,2026-10-31,TIMED,10,Bologna FC 1909,AC Monza,,,,558539,,,,,,,,NO_ODDS_MATCH
Serie A,2026-10-31,TIMED,10,Udinese Calcio,AS Roma,,,,558542,,,,,,,,NO_ODDS_MATCH
Serie A,2026-10-31,TIMED,10,AC Milan,FC Internazionale Milano,,,,558548,,,,,,,,NO_ODDS_MATCH
Serie A,2026-11-01,TIMED,10,Como 1907,Venezia FC,,,,558543,,,,,,,,NO_ODDS_MATCH
Serie A,2026-11-01,TIMED,10,Frosinone Calcio,Torino FC,,,,558544,,,,,,,,NO_ODDS_MATCH
Serie A,2026-11-01,TIMED,10,SS Lazio,Cagliari Calcio,,,,558546,,,,,,,,NO_ODDS_MATCH
Serie A,2026-11-01,TIMED,10,US Lecce,Genoa CFC,,,,558540,,,,,,,,NO_ODDS_MATCH
Serie A,2026-11-01,TIMED,10,Juventus FC,SSC Napoli,,,,558547,,,,,,,,NO_ODDS_MATCH
Serie A,2026-11-02,TIMED,10,US Sassuolo Calcio,ACF Fiorentina,,,,558541,,,,,,,,NO_ODDS_MATCH
Serie A,2026-11-02,TIMED,10,Atalanta BC,Parma Calcio 1913,,,,558545,,,,,,,,NO_ODDS_MATCH
Serie A,2026-11-06,TIMED,11,Venezia FC,Udinese Calcio,,,,558537,,,,,,,,NO_ODDS_MATCH
Serie A,2026-11-07,TIMED,11,Torino FC,US Lecce,,,,558532,,,,,,,,NO_ODDS_MATCH
Serie A,2026-11-07,TIMED,11,Cagliari Calcio,Frosinone Calcio,,,,558534,,,,,,,,NO_ODDS_MATCH
Serie A,2026-11-07,TIMED,11,Parma Calcio 1913,Bologna FC 1909,,,,558535,,,,,,,,NO_ODDS_MATCH
Serie A,2026-11-07,TIMED,11,AS Roma,US Sassuolo Calcio,,,,558531,,,,,,,,NO_ODDS_MATCH
Serie A,2026-11-08,TIMED,11,SSC Napoli,SS Lazio,,,,558533,,,,,,,,NO_ODDS_MATCH
Serie A,2026-11-08,TIMED,11,Genoa CFC,AC Milan,,,,558536,,,,,,,,NO_ODDS_MATCH
Serie A,2026-11-08,TIMED,11,AC Monza,Atalanta BC,,,,558538,,,,,,,,NO_ODDS_MATCH
Serie A,2026-11-08,TIMED,11,FC Internazionale Milano,Como 1907,,,,558530,,,,,,,,NO_ODDS_MATCH
Serie A,2026-11-08,TIMED,11,ACF Fiorentina,Juventus FC,,,,558529,,,,,,,,NO_ODDS_MATCH
Serie A,2026-11-21,TIMED,12,Como 1907,Cagliari Calcio,,,,558525,,,,,,,,NO_ODDS_MATCH
Serie A,2026-11-21,TIMED,12,SS Lazio,US Lecce,,,,558528,,,,,,,,NO_ODDS_MATCH
Serie A,2026-11-21,TIMED,12,Parma Calcio 1913,AS Roma,,,,558526,,,,,,,,NO_ODDS_MATCH
Serie A,2026-11-21,TIMED,12,SSC Napoli,Torino FC,,,,558527,,,,,,,,NO_ODDS_MATCH
Serie A,2026-11-22,TIMED,12,Juventus FC,Venezia FC,,,,558521,,,,,,,,NO_ODDS_MATCH
Serie A,2026-11-22,TIMED,12,Bologna FC 1909,Udinese Calcio,,,,558522,,,,,,,,NO_ODDS_MATCH
Serie A,2026-11-22,TIMED,12,US Sassuolo Calcio,Genoa CFC,,,,558524,,,,,,,,NO_ODDS_MATCH
Serie A,2026-11-22,TIMED,12,AC Milan,Frosinone Calcio,,,,558523,,,,,,,,NO_ODDS_MATCH
Serie A,2026-11-22,TIMED,12,Atalanta BC,FC Internazionale Milano,,,,558520,,,,,,,,NO_ODDS_MATCH
Serie A,2026-11-23,TIMED,12,AC Monza,ACF Fiorentina,,,,558519,,,,,,,,NO_ODDS_MATCH
Serie A,2026-11-27,TIMED,13,Venezia FC,Bologna FC 1909,,,,558515,,,,,,,,NO_ODDS_MATCH
Serie A,2026-11-28,TIMED,13,Frosinone Calcio,Parma Calcio 1913,,,,558513,,,,,,,,NO_ODDS_MATCH
Serie A,2026-11-28,TIMED,13,Torino FC,SS Lazio,,,,558514,,,,,,,,NO_ODDS_MATCH
Serie A,2026-11-28,TIMED,13,FC Internazionale Milano,Genoa CFC,,,,558518,,,,,,,,NO_ODDS_MATCH
Serie A,2026-11-29,TIMED,13,Udinese Calcio,ACF Fiorentina,,,,558517,,,,,,,,NO_ODDS_MATCH
Serie A,2026-11-29,TIMED,13,US Sassuolo Calcio,SSC Napoli,,,,558509,,,,,,,,NO_ODDS_MATCH
Serie A,2026-11-29,TIMED,13,AS Roma,AC Monza,,,,558512,,,,,,,,NO_ODDS_MATCH
Serie A,2026-11-29,TIMED,13,Como 1907,Juventus FC,,,,558511,,,,,,,,NO_ODDS_MATCH
Serie A,2026-11-30,TIMED,13,US Lecce,Atalanta BC,,,,558516,,,,,,,,NO_ODDS_MATCH
Serie A,2026-11-30,TIMED,13,Cagliari Calcio,AC Milan,,,,558510,,,,,,,,NO_ODDS_MATCH
Serie A,2026-12-04,TIMED,14,Bologna FC 1909,AS Roma,,,,558502,,,,,,,,NO_ODDS_MATCH
Serie A,2026-12-05,TIMED,14,AC Monza,Como 1907,,,,558507,,,,,,,,NO_ODDS_MATCH
Serie A,2026-12-05,TIMED,14,Frosinone Calcio,FC Internazionale Milano,,,,558501,,,,,,,,NO_ODDS_MATCH
Serie A,2026-12-05,TIMED,14,SSC Napoli,US Lecce,,,,558508,,,,,,,,NO_ODDS_MATCH
Serie A,2026-12-06,TIMED,14,Genoa CFC,Torino FC,,,,558499,,,,,,,,NO_ODDS_MATCH
Serie A,2026-12-06,TIMED,14,SS Lazio,Atalanta BC,,,,558504,,,,,,,,NO_ODDS_MATCH
Serie A,2026-12-06,TIMED,14,Juventus FC,Udinese Calcio,,,,558500,,,,,,,,NO_ODDS_MATCH
Serie A,2026-12-06,TIMED,14,AC Milan,Parma Calcio 1913,,,,558505,,,,,,,,NO_ODDS_MATCH
Serie A,2026-12-07,TIMED,14,Venezia FC,US Sassuolo Calcio,,,,558506,,,,,,,,NO_ODDS_MATCH
Serie A,2026-12-07,TIMED,14,ACF Fiorentina,Cagliari Calcio,,,,558503,,,,,,,,NO_ODDS_MATCH
Serie A,2026-12-11,TIMED,15,Udinese Calcio,Frosinone Calcio,,,,558491,,,,,,,,NO_ODDS_MATCH
Serie A,2026-12-12,TIMED,15,Cagliari Calcio,Venezia FC,,,,558494,,,,,,,,NO_ODDS_MATCH
Serie A,2026-12-12,TIMED,15,US Lecce,US Sassuolo Calcio,,,,558492,,,,,,,,NO_ODDS_MATCH
Serie A,2026-12-12,TIMED,15,Como 1907,Bologna FC 1909,,,,558490,,,,,,,,NO_ODDS_MATCH
Serie A,2026-12-13,TIMED,15,SS Lazio,AS Roma,,,,558498,,,,,,,,NO_ODDS_MATCH
Serie A,2026-12-13,TIMED,15,FC Internazionale Milano,Torino FC,,,,558495,,,,,,,,NO_ODDS_MATCH
Serie A,2026-12-13,TIMED,15,Parma Calcio 1913,ACF Fiorentina,,,,558493,,,,,,,,NO_ODDS_MATCH
Serie A,2026-12-13,TIMED,15,SSC Napoli,AC Milan,,,,558489,,,,,,,,NO_ODDS_MATCH
Serie A,2026-12-14,TIMED,15,Atalanta BC,Genoa CFC,,,,558497,,,,,,,,NO_ODDS_MATCH
Serie A,2026-12-14,TIMED,15,Juventus FC,AC Monza,,,,558496,,,,,,,,NO_ODDS_MATCH
Serie A,2026-12-18,TIMED,16,Frosinone Calcio,SS Lazio,,,,558482,,,,,,,,NO_ODDS_MATCH
Serie A,2026-12-18,TIMED,16,US Lecce,FC Internazionale Milano,,,,558486,,,,,,,,NO_ODDS_MATCH
Serie A,2026-12-19,TIMED,16,US Sassuolo Calcio,Parma Calcio 1913,,,,558480,,,,,,,,NO_ODDS_MATCH
Serie A,2026-12-19,TIMED,16,AC Milan,Como 1907,,,,558479,,,,,,,,NO_ODDS_MATCH
Serie A,2026-12-19,TIMED,16,AS Roma,Juventus FC,,,,558481,,,,,,,,NO_ODDS_MATCH
Serie A,2026-12-20,TIMED,16,ACF Fiorentina,Bologna FC 1909,,,,558484,,,,,,,,NO_ODDS_MATCH
Serie A,2026-12-20,TIMED,16,Torino FC,Cagliari Calcio,,,,558487,,,,,,,,NO_ODDS_MATCH
Serie A,2026-12-20,TIMED,16,Venezia FC,AC Monza,,,,558488,,,,,,,,NO_ODDS_MATCH
Serie A,2026-12-20,TIMED,16,Genoa CFC,Udinese Calcio,,,,558485,,,,,,,,NO_ODDS_MATCH
Serie A,2026-12-20,TIMED,16,Atalanta BC,SSC Napoli,,,,558483,,,,,,,,NO_ODDS_MATCH
Serie A,2027-01-02,TIMED,17,Cagliari Calcio,Genoa CFC,,,,558473,,,,,,,,NO_ODDS_MATCH
Serie A,2027-01-02,TIMED,17,Torino FC,Venezia FC,,,,558474,,,,,,,,NO_ODDS_MATCH
Serie A,2027-01-02,TIMED,17,ACF Fiorentina,SS Lazio,,,,558478,,,,,,,,NO_ODDS_MATCH
Serie A,2027-01-02,TIMED,17,AS Roma,Frosinone Calcio,,,,558471,,,,,,,,NO_ODDS_MATCH
Serie A,2027-01-02,TIMED,17,AC Monza,AC Milan,,,,558475,,,,,,,,NO_ODDS_MATCH
Serie A,2027-01-03,TIMED,17,FC Internazionale Milano,US Sassuolo Calcio,,,,558476,,,,,,,,NO_ODDS_MATCH
Serie A,2027-01-03,TIMED,17,Udinese Calcio,Atalanta BC,,,,558469,,,,,,,,NO_ODDS_MATCH
Serie A,2027-01-03,TIMED,17,Como 1907,US Lecce,,,,558470,,,,,,,,NO_ODDS_MATCH
Serie A,2027-01-03,TIMED,17,Parma Calcio 1913,SSC Napoli,,,,558472,,,,,,,,NO_ODDS_MATCH
Serie A,2027-01-03,TIMED,17,Bologna FC 1909,Juventus FC,,,,558477,,,,,,,,NO_ODDS_MATCH
Serie A,2027-01-05,TIMED,18,Genoa CFC,AC Monza,,,,558461,,,,,,,,NO_ODDS_MATCH
Serie A,2027-01-05,TIMED,18,Venezia FC,AS Roma,,,,558462,,,,,,,,NO_ODDS_MATCH
Serie A,2027-01-05,TIMED,18,AC Milan,ACF Fiorentina,,,,558464,,,,,,,,NO_ODDS_MATCH
Serie A,2027-01-06,TIMED,18,Juventus FC,Torino FC,,,,558465,,,,,,,,NO_ODDS_MATCH
Serie A,2027-01-06,TIMED,18,Frosinone Calcio,Bologna FC 1909,,,,558459,,,,,,,,NO_ODDS_MATCH
Serie A,2027-01-06,TIMED,18,US Lecce,Parma Calcio 1913,,,,558468,,,,,,,,NO_ODDS_MATCH
Serie A,2027-01-06,TIMED,18,Atalanta BC,Como 1907,,,,558466,,,,,,,,NO_ODDS_MATCH
Serie A,2027-01-06,TIMED,18,SS Lazio,FC Internazionale Milano,,,,558467,,,,,,,,NO_ODDS_MATCH
Serie A,2027-01-07,TIMED,18,US Sassuolo Calcio,Udinese Calcio,,,,558460,,,,,,,,NO_ODDS_MATCH
Serie A,2027-01-07,TIMED,18,SSC Napoli,Cagliari Calcio,,,,558463,,,,,,,,NO_ODDS_MATCH
Serie A,2027-01-09,TIMED,19,AC Monza,Frosinone Calcio,,,,558452,,,,,,,,NO_ODDS_MATCH
Serie A,2027-01-09,TIMED,19,AS Roma,AC Milan,,,,558458,,,,,,,,NO_ODDS_MATCH
Serie A,2027-01-09,TIMED,19,Bologna FC 1909,Genoa CFC,,,,558455,,,,,,,,NO_ODDS_MATCH
Serie A,2027-01-10,TIMED,19,Como 1907,SS Lazio,,,,558457,,,,,,,,NO_ODDS_MATCH
Serie A,2027-01-10,TIMED,19,ACF Fiorentina,US Lecce,,,,558449,,,,,,,,NO_ODDS_MATCH
Serie A,2027-01-10,TIMED,19,Parma Calcio 1913,Venezia FC,,,,558454,,,,,,,,NO_ODDS_MATCH
Serie A,2027-01-10,TIMED,19,Torino FC,Atalanta BC,,,,558451,,,,,,,,NO_ODDS_MATCH
Serie A,2027-01-10,TIMED,19,FC Internazionale Milano,Juventus FC,,,,558453,,,,,,,,NO_ODDS_MATCH
Serie A,2027-01-11,TIMED,19,Cagliari Calcio,US Sassuolo Calcio,,,,558456,,,,,,,,NO_ODDS_MATCH
Serie A,2027-01-11,TIMED,19,Udinese Calcio,SSC Napoli,,,,558450,,,,,,,,NO_ODDS_MATCH
Serie A,2027-01-17,SCHEDULED,20,AC Milan,Torino FC,,,,558439,,,,,,,,NO_ODDS_MATCH
Serie A,2027-01-17,SCHEDULED,20,Parma Calcio 1913,FC Internazionale Milano,,,,558440,,,,,,,,NO_ODDS_MATCH
Serie A,2027-01-17,SCHEDULED,20,Juventus FC,Genoa CFC,,,,558441,,,,,,,,NO_ODDS_MATCH
Serie A,2027-01-17,SCHEDULED,20,US Lecce,Udinese Calcio,,,,558442,,,,,,,,NO_ODDS_MATCH
Serie A,2027-01-17,SCHEDULED,20,Cagliari Calcio,Como 1907,,,,558443,,,,,,,,NO_ODDS_MATCH
Serie A,2027-01-17,SCHEDULED,20,US Sassuolo Calcio,AC Monza,,,,558444,,,,,,,,NO_ODDS_MATCH
Serie A,2027-01-17,SCHEDULED,20,SSC Napoli,ACF Fiorentina,,,,558445,,,,,,,,NO_ODDS_MATCH
Serie A,2027-01-17,SCHEDULED,20,SS Lazio,Bologna FC 1909,,,,558446,,,,,,,,NO_ODDS_MATCH
Serie A,2027-01-17,SCHEDULED,20,Venezia FC,Frosinone Calcio,,,,558447,,,,,,,,NO_ODDS_MATCH
Serie A,2027-01-17,SCHEDULED,20,Atalanta BC,AS Roma,,,,558448,,,,,,,,NO_ODDS_MATCH
Serie A,2027-01-24,SCHEDULED,21,US Lecce,Torino FC,,,,558429,,,,,,,,NO_ODDS_MATCH
Serie A,2027-01-24,SCHEDULED,21,Juventus FC,Cagliari Calcio,,,,558430,,,,,,,,NO_ODDS_MATCH
Serie A,2027-01-24,SCHEDULED,21,FC Internazionale Milano,Venezia FC,,,,558431,,,,,,,,NO_ODDS_MATCH
Serie A,2027-01-24,SCHEDULED,21,ACF Fiorentina,US Sassuolo Calcio,,,,558432,,,,,,,,NO_ODDS_MATCH
Serie A,2027-01-24,SCHEDULED,21,Frosinone Calcio,AC Milan,,,,558433,,,,,,,,NO_ODDS_MATCH
Serie A,2027-01-24,SCHEDULED,21,AS Roma,Udinese Calcio,,,,558434,,,,,,,,NO_ODDS_MATCH
Serie A,2027-01-24,SCHEDULED,21,Bologna FC 1909,Atalanta BC,,,,558435,,,,,,,,NO_ODDS_MATCH
Serie A,2027-01-24,SCHEDULED,21,Genoa CFC,Parma Calcio 1913,,,,558436,,,,,,,,NO_ODDS_MATCH
Serie A,2027-01-24,SCHEDULED,21,Como 1907,SSC Napoli,,,,558437,,,,,,,,NO_ODDS_MATCH
Serie A,2027-01-24,SCHEDULED,21,AC Monza,SS Lazio,,,,558438,,,,,,,,NO_ODDS_MATCH
Serie A,2027-01-31,SCHEDULED,22,AC Milan,Juventus FC,,,,558419,,,,,,,,NO_ODDS_MATCH
Serie A,2027-01-31,SCHEDULED,22,AC Monza,AS Roma,,,,558420,,,,,,,,NO_ODDS_MATCH
Serie A,2027-01-31,SCHEDULED,22,Torino FC,Frosinone Calcio,,,,558421,,,,,,,,NO_ODDS_MATCH
Serie A,2027-01-31,SCHEDULED,22,Udinese Calcio,Bologna FC 1909,,,,558422,,,,,,,,NO_ODDS_MATCH
Serie A,2027-01-31,SCHEDULED,22,US Sassuolo Calcio,Como 1907,,,,558423,,,,,,,,NO_ODDS_MATCH
Serie A,2027-01-31,SCHEDULED,22,Genoa CFC,US Lecce,,,,558424,,,,,,,,NO_ODDS_MATCH
Serie A,2027-01-31,SCHEDULED,22,Cagliari Calcio,Parma Calcio 1913,,,,558425,,,,,,,,NO_ODDS_MATCH
Serie A,2027-01-31,SCHEDULED,22,Atalanta BC,ACF Fiorentina,,,,558426,,,,,,,,NO_ODDS_MATCH
Serie A,2027-01-31,SCHEDULED,22,SS Lazio,Venezia FC,,,,558427,,,,,,,,NO_ODDS_MATCH
Serie A,2027-01-31,SCHEDULED,22,SSC Napoli,FC Internazionale Milano,,,,558428,,,,,,,,NO_ODDS_MATCH
Serie A,2027-02-07,SCHEDULED,23,Juventus FC,US Sassuolo Calcio,,,,558409,,,,,,,,NO_ODDS_MATCH
Serie A,2027-02-07,SCHEDULED,23,FC Internazionale Milano,Cagliari Calcio,,,,558410,,,,,,,,NO_ODDS_MATCH
Serie A,2027-02-07,SCHEDULED,23,Como 1907,AC Monza,,,,558411,,,,,,,,NO_ODDS_MATCH
Serie A,2027-02-07,SCHEDULED,23,US Lecce,SSC Napoli,,,,558412,,,,,,,,NO_ODDS_MATCH
Serie A,2027-02-07,SCHEDULED,23,Venezia FC,Genoa CFC,,,,558413,,,,,,,,NO_ODDS_MATCH
Serie A,2027-02-07,SCHEDULED,23,AS Roma,Torino FC,,,,558414,,,,,,,,NO_ODDS_MATCH
Serie A,2027-02-07,SCHEDULED,23,Atalanta BC,SS Lazio,,,,558415,,,,,,,,NO_ODDS_MATCH
Serie A,2027-02-07,SCHEDULED,23,Parma Calcio 1913,Frosinone Calcio,,,,558416,,,,,,,,NO_ODDS_MATCH
Serie A,2027-02-07,SCHEDULED,23,Bologna FC 1909,AC Milan,,,,558417,,,,,,,,NO_ODDS_MATCH
Serie A,2027-02-07,SCHEDULED,23,ACF Fiorentina,Udinese Calcio,,,,558418,,,,,,,,NO_ODDS_MATCH
Serie A,2027-02-14,SCHEDULED,24,SSC Napoli,Juventus FC,,,,558399,,,,,,,,NO_ODDS_MATCH
Serie A,2027-02-14,SCHEDULED,24,AC Monza,US Lecce,,,,558400,,,,,,,,NO_ODDS_MATCH
Serie A,2027-02-14,SCHEDULED,24,Torino FC,US Sassuolo Calcio,,,,558401,,,,,,,,NO_ODDS_MATCH
Serie A,2027-02-14,SCHEDULED,24,Frosinone Calcio,ACF Fiorentina,,,,558402,,,,,,,,NO_ODDS_MATCH
Serie A,2027-02-14,SCHEDULED,24,Bologna FC 1909,Como 1907,,,,558403,,,,,,,,NO_ODDS_MATCH
Serie A,2027-02-14,SCHEDULED,24,AS Roma,Parma Calcio 1913,,,,558404,,,,,,,,NO_ODDS_MATCH
Serie A,2027-02-14,SCHEDULED,24,Udinese Calcio,Venezia FC,,,,558405,,,,,,,,NO_ODDS_MATCH
Serie A,2027-02-14,SCHEDULED,24,Genoa CFC,Atalanta BC,,,,558406,,,,,,,,NO_ODDS_MATCH
Serie A,2027-02-14,SCHEDULED,24,Cagliari Calcio,SS Lazio,,,,558407,,,,,,,,NO_ODDS_MATCH
Serie A,2027-02-14,SCHEDULED,24,FC Internazionale Milano,AC Milan,,,,558408,,,,,,,,NO_ODDS_MATCH
Serie A,2027-02-21,SCHEDULED,25,Como 1907,Torino FC,,,,558389,,,,,,,,NO_ODDS_MATCH
Serie A,2027-02-21,SCHEDULED,25,Atalanta BC,AC Monza,,,,558390,,,,,,,,NO_ODDS_MATCH
Serie A,2027-02-21,SCHEDULED,25,Udinese Calcio,Parma Calcio 1913,,,,558391,,,,,,,,NO_ODDS_MATCH
Serie A,2027-02-21,SCHEDULED,25,Juventus FC,Bologna FC 1909,,,,558392,,,,,,,,NO_ODDS_MATCH
Serie A,2027-02-21,SCHEDULED,25,ACF Fiorentina,FC Internazionale Milano,,,,558393,,,,,,,,NO_ODDS_MATCH
Serie A,2027-02-21,SCHEDULED,25,US Sassuolo Calcio,AS Roma,,,,558394,,,,,,,,NO_ODDS_MATCH
Serie A,2027-02-21,SCHEDULED,25,AC Milan,Genoa CFC,,,,558395,,,,,,,,NO_ODDS_MATCH
Serie A,2027-02-21,SCHEDULED,25,Venezia FC,Cagliari Calcio,,,,558396,,,,,,,,NO_ODDS_MATCH
Serie A,2027-02-21,SCHEDULED,25,US Lecce,Frosinone Calcio,,,,558397,,,,,,,,NO_ODDS_MATCH
Serie A,2027-02-21,SCHEDULED,25,SS Lazio,SSC Napoli,,,,558398,,,,,,,,NO_ODDS_MATCH
Serie A,2027-02-28,SCHEDULED,26,FC Internazionale Milano,Atalanta BC,,,,558379,,,,,,,,NO_ODDS_MATCH
Serie A,2027-02-28,SCHEDULED,26,Cagliari Calcio,Udinese Calcio,,,,558380,,,,,,,,NO_ODDS_MATCH
Serie A,2027-02-28,SCHEDULED,26,Parma Calcio 1913,US Sassuolo Calcio,,,,558381,,,,,,,,NO_ODDS_MATCH
Serie A,2027-02-28,SCHEDULED,26,Genoa CFC,SS Lazio,,,,558382,,,,,,,,NO_ODDS_MATCH
Serie A,2027-02-28,SCHEDULED,26,AS Roma,Venezia FC,,,,558383,,,,,,,,NO_ODDS_MATCH
Serie A,2027-02-28,SCHEDULED,26,Como 1907,AC Milan,,,,558384,,,,,,,,NO_ODDS_MATCH
Serie A,2027-02-28,SCHEDULED,26,Torino FC,ACF Fiorentina,,,,558385,,,,,,,,NO_ODDS_MATCH
Serie A,2027-02-28,SCHEDULED,26,Bologna FC 1909,US Lecce,,,,558386,,,,,,,,NO_ODDS_MATCH
Serie A,2027-02-28,SCHEDULED,26,AC Monza,Juventus FC,,,,558387,,,,,,,,NO_ODDS_MATCH
Serie A,2027-02-28,SCHEDULED,26,Frosinone Calcio,SSC Napoli,,,,558388,,,,,,,,NO_ODDS_MATCH
Serie A,2027-03-07,SCHEDULED,27,Udinese Calcio,FC Internazionale Milano,,,,558369,,,,,,,,NO_ODDS_MATCH
Serie A,2027-03-07,SCHEDULED,27,Atalanta BC,Torino FC,,,,558370,,,,,,,,NO_ODDS_MATCH
Serie A,2027-03-07,SCHEDULED,27,SSC Napoli,Parma Calcio 1913,,,,558371,,,,,,,,NO_ODDS_MATCH
Serie A,2027-03-07,SCHEDULED,27,US Lecce,Como 1907,,,,558372,,,,,,,,NO_ODDS_MATCH
Serie A,2027-03-07,SCHEDULED,27,SS Lazio,Frosinone Calcio,,,,558373,,,,,,,,NO_ODDS_MATCH
Serie A,2027-03-07,SCHEDULED,27,US Sassuolo Calcio,Bologna FC 1909,,,,558374,,,,,,,,NO_ODDS_MATCH
Serie A,2027-03-07,SCHEDULED,27,AC Monza,Genoa CFC,,,,558375,,,,,,,,NO_ODDS_MATCH
Serie A,2027-03-07,SCHEDULED,27,ACF Fiorentina,Venezia FC,,,,558376,,,,,,,,NO_ODDS_MATCH
Serie A,2027-03-07,SCHEDULED,27,AC Milan,Cagliari Calcio,,,,558377,,,,,,,,NO_ODDS_MATCH
Serie A,2027-03-07,SCHEDULED,27,Juventus FC,AS Roma,,,,558378,,,,,,,,NO_ODDS_MATCH
Serie A,2027-03-14,SCHEDULED,28,Bologna FC 1909,SSC Napoli,,,,558359,,,,,,,,NO_ODDS_MATCH
Serie A,2027-03-14,SCHEDULED,28,Cagliari Calcio,ACF Fiorentina,,,,558360,,,,,,,,NO_ODDS_MATCH
Serie A,2027-03-14,SCHEDULED,28,AC Milan,US Sassuolo Calcio,,,,558361,,,,,,,,NO_ODDS_MATCH
Serie A,2027-03-14,SCHEDULED,28,Genoa CFC,AS Roma,,,,558362,,,,,,,,NO_ODDS_MATCH
Serie A,2027-03-14,SCHEDULED,28,Parma Calcio 1913,US Lecce,,,,558363,,,,,,,,NO_ODDS_MATCH
Serie A,2027-03-14,SCHEDULED,28,Torino FC,FC Internazionale Milano,,,,558364,,,,,,,,NO_ODDS_MATCH
Serie A,2027-03-14,SCHEDULED,28,Frosinone Calcio,AC Monza,,,,558365,,,,,,,,NO_ODDS_MATCH
Serie A,2027-03-14,SCHEDULED,28,Como 1907,Udinese Calcio,,,,558366,,,,,,,,NO_ODDS_MATCH
Serie A,2027-03-14,SCHEDULED,28,SS Lazio,Juventus FC,,,,558367,,,,,,,,NO_ODDS_MATCH
Serie A,2027-03-14,SCHEDULED,28,Venezia FC,Atalanta BC,,,,558368,,,,,,,,NO_ODDS_MATCH
Serie A,2027-03-21,SCHEDULED,29,SSC Napoli,Venezia FC,,,,558349,,,,,,,,NO_ODDS_MATCH
Serie A,2027-03-21,SCHEDULED,29,Udinese Calcio,Torino FC,,,,558350,,,,,,,,NO_ODDS_MATCH
Serie A,2027-03-21,SCHEDULED,29,Juventus FC,Como 1907,,,,558351,,,,,,,,NO_ODDS_MATCH
Serie A,2027-03-21,SCHEDULED,29,ACF Fiorentina,Genoa CFC,,,,558352,,,,,,,,NO_ODDS_MATCH
Serie A,2027-03-21,SCHEDULED,29,Parma Calcio 1913,SS Lazio,,,,558353,,,,,,,,NO_ODDS_MATCH
Serie A,2027-03-21,SCHEDULED,29,US Sassuolo Calcio,Cagliari Calcio,,,,558354,,,,,,,,NO_ODDS_MATCH
Serie A,2027-03-21,SCHEDULED,29,AC Monza,Bologna FC 1909,,,,558355,,,,,,,,NO_ODDS_MATCH
Serie A,2027-03-21,SCHEDULED,29,FC Internazionale Milano,Frosinone Calcio,,,,558356,,,,,,,,NO_ODDS_MATCH
Serie A,2027-03-21,SCHEDULED,29,AS Roma,US Lecce,,,,558357,,,,,,,,NO_ODDS_MATCH
Serie A,2027-03-21,SCHEDULED,29,Atalanta BC,AC Milan,,,,558358,,,,,,,,NO_ODDS_MATCH
Serie A,2027-04-04,SCHEDULED,30,US Lecce,SS Lazio,,,,558339,,,,,,,,NO_ODDS_MATCH
Serie A,2027-04-04,SCHEDULED,30,Cagliari Calcio,SSC Napoli,,,,558340,,,,,,,,NO_ODDS_MATCH
Serie A,2027-04-04,SCHEDULED,30,Como 1907,ACF Fiorentina,,,,558341,,,,,,,,NO_ODDS_MATCH
Serie A,2027-04-04,SCHEDULED,30,US Sassuolo Calcio,Atalanta BC,,,,558342,,,,,,,,NO_ODDS_MATCH
Serie A,2027-04-04,SCHEDULED,30,AS Roma,Bologna FC 1909,,,,558343,,,,,,,,NO_ODDS_MATCH
Serie A,2027-04-04,SCHEDULED,30,AC Milan,AC Monza,,,,558344,,,,,,,,NO_ODDS_MATCH
Serie A,2027-04-04,SCHEDULED,30,Genoa CFC,FC Internazionale Milano,,,,558345,,,,,,,,NO_ODDS_MATCH
Serie A,2027-04-04,SCHEDULED,30,Torino FC,Juventus FC,,,,558346,,,,,,,,NO_ODDS_MATCH
Serie A,2027-04-04,SCHEDULED,30,Venezia FC,Parma Calcio 1913,,,,558347,,,,,,,,NO_ODDS_MATCH
Serie A,2027-04-04,SCHEDULED,30,Frosinone Calcio,Udinese Calcio,,,,558348,,,,,,,,NO_ODDS_MATCH
Serie A,2027-04-11,SCHEDULED,31,Juventus FC,US Lecce,,,,558336,,,,,,,,NO_ODDS_MATCH
Serie A,2027-04-11,SCHEDULED,31,SSC Napoli,US Sassuolo Calcio,,,,558337,,,,,,,,NO_ODDS_MATCH
Serie A,2027-04-11,SCHEDULED,31,ACF Fiorentina,AC Milan,,,,558338,,,,,,,,NO_ODDS_MATCH
Serie A,2027-04-11,SCHEDULED,31,SS Lazio,Torino FC,,,,558329,,,,,,,,NO_ODDS_MATCH
Serie A,2027-04-11,SCHEDULED,31,Cagliari Calcio,Atalanta BC,,,,558330,,,,,,,,NO_ODDS_MATCH
Serie A,2027-04-11,SCHEDULED,31,Parma Calcio 1913,Como 1907,,,,558331,,,,,,,,NO_ODDS_MATCH
Serie A,2027-04-11,SCHEDULED,31,Bologna FC 1909,Venezia FC,,,,558332,,,,,,,,NO_ODDS_MATCH
Serie A,2027-04-11,SCHEDULED,31,Frosinone Calcio,Genoa CFC,,,,558333,,,,,,,,NO_ODDS_MATCH
Serie A,2027-04-11,SCHEDULED,31,FC Internazionale Milano,AS Roma,,,,558334,,,,,,,,NO_ODDS_MATCH
Serie A,2027-04-11,SCHEDULED,31,Udinese Calcio,AC Monza,,,,558335,,,,,,,,NO_ODDS_MATCH
Serie A,2027-04-18,SCHEDULED,32,AC Monza,FC Internazionale Milano,,,,558319,,,,,,,,NO_ODDS_MATCH
Serie A,2027-04-18,SCHEDULED,32,ACF Fiorentina,Parma Calcio 1913,,,,558320,,,,,,,,NO_ODDS_MATCH
Serie A,2027-04-18,SCHEDULED,32,AS Roma,SS Lazio,,,,558321,,,,,,,,NO_ODDS_MATCH
Serie A,2027-04-18,SCHEDULED,32,Como 1907,Frosinone Calcio,,,,558322,,,,,,,,NO_ODDS_MATCH
Serie A,2027-04-18,SCHEDULED,32,US Sassuolo Calcio,US Lecce,,,,558323,,,,,,,,NO_ODDS_MATCH
Serie A,2027-04-18,SCHEDULED,32,Bologna FC 1909,Cagliari Calcio,,,,558324,,,,,,,,NO_ODDS_MATCH
Serie A,2027-04-18,SCHEDULED,32,Atalanta BC,Udinese Calcio,,,,558325,,,,,,,,NO_ODDS_MATCH
Serie A,2027-04-18,SCHEDULED,32,Venezia FC,Juventus FC,,,,558326,,,,,,,,NO_ODDS_MATCH
Serie A,2027-04-18,SCHEDULED,32,AC Milan,SSC Napoli,,,,558327,,,,,,,,NO_ODDS_MATCH
Serie A,2027-04-18,SCHEDULED,32,Torino FC,Genoa CFC,,,,558328,,,,,,,,NO_ODDS_MATCH
Serie A,2027-04-25,SCHEDULED,33,Frosinone Calcio,AS Roma,,,,558309,,,,,,,,NO_ODDS_MATCH
Serie A,2027-04-25,SCHEDULED,33,Cagliari Calcio,AC Monza,,,,558310,,,,,,,,NO_ODDS_MATCH
Serie A,2027-04-25,SCHEDULED,33,SSC Napoli,Udinese Calcio,,,,558311,,,,,,,,NO_ODDS_MATCH
Serie A,2027-04-25,SCHEDULED,33,Parma Calcio 1913,Atalanta BC,,,,558312,,,,,,,,NO_ODDS_MATCH
Serie A,2027-04-25,SCHEDULED,33,SS Lazio,Como 1907,,,,558313,,,,,,,,NO_ODDS_MATCH
Serie A,2027-04-25,SCHEDULED,33,Juventus FC,ACF Fiorentina,,,,558314,,,,,,,,NO_ODDS_MATCH
Serie A,2027-04-25,SCHEDULED,33,Genoa CFC,US Sassuolo Calcio,,,,558315,,,,,,,,NO_ODDS_MATCH
Serie A,2027-04-25,SCHEDULED,33,US Lecce,AC Milan,,,,558316,,,,,,,,NO_ODDS_MATCH
Serie A,2027-04-25,SCHEDULED,33,Venezia FC,Torino FC,,,,558317,,,,,,,,NO_ODDS_MATCH
Serie A,2027-04-25,SCHEDULED,33,FC Internazionale Milano,Bologna FC 1909,,,,558318,,,,,,,,NO_ODDS_MATCH
Serie A,2027-05-02,SCHEDULED,34,Atalanta BC,Juventus FC,,,,558299,,,,,,,,NO_ODDS_MATCH
Serie A,2027-05-02,SCHEDULED,34,Torino FC,Parma Calcio 1913,,,,558300,,,,,,,,NO_ODDS_MATCH
Serie A,2027-05-02,SCHEDULED,34,AC Milan,SS Lazio,,,,558301,,,,,,,,NO_ODDS_MATCH
Serie A,2027-05-02,SCHEDULED,34,Udinese Calcio,Genoa CFC,,,,558302,,,,,,,,NO_ODDS_MATCH
Serie A,2027-05-02,SCHEDULED,34,US Sassuolo Calcio,Frosinone Calcio,,,,558303,,,,,,,,NO_ODDS_MATCH
Serie A,2027-05-02,SCHEDULED,34,Bologna FC 1909,ACF Fiorentina,,,,558304,,,,,,,,NO_ODDS_MATCH
Serie A,2027-05-02,SCHEDULED,34,Como 1907,FC Internazionale Milano,,,,558305,,,,,,,,NO_ODDS_MATCH
Serie A,2027-05-02,SCHEDULED,34,AC Monza,Venezia FC,,,,558306,,,,,,,,NO_ODDS_MATCH
Serie A,2027-05-02,SCHEDULED,34,US Lecce,Cagliari Calcio,,,,558307,,,,,,,,NO_ODDS_MATCH
Serie A,2027-05-02,SCHEDULED,34,AS Roma,SSC Napoli,,,,558308,,,,,,,,NO_ODDS_MATCH
Serie A,2027-05-09,SCHEDULED,35,Parma Calcio 1913,AC Milan,,,,558289,,,,,,,,NO_ODDS_MATCH
Serie A,2027-05-09,SCHEDULED,35,Genoa CFC,Cagliari Calcio,,,,558290,,,,,,,,NO_ODDS_MATCH
Serie A,2027-05-09,SCHEDULED,35,SS Lazio,US Sassuolo Calcio,,,,558291,,,,,,,,NO_ODDS_MATCH
Serie A,2027-05-09,SCHEDULED,35,SSC Napoli,AC Monza,,,,558292,,,,,,,,NO_ODDS_MATCH
Serie A,2027-05-09,SCHEDULED,35,FC Internazionale Milano,US Lecce,,,,558293,,,,,,,,NO_ODDS_MATCH
Serie A,2027-05-09,SCHEDULED,35,Venezia FC,Como 1907,,,,558294,,,,,,,,NO_ODDS_MATCH
Serie A,2027-05-09,SCHEDULED,35,Udinese Calcio,Juventus FC,,,,558295,,,,,,,,NO_ODDS_MATCH
Serie A,2027-05-09,SCHEDULED,35,Torino FC,Bologna FC 1909,,,,558296,,,,,,,,NO_ODDS_MATCH
Serie A,2027-05-09,SCHEDULED,35,Frosinone Calcio,Atalanta BC,,,,558297,,,,,,,,NO_ODDS_MATCH
Serie A,2027-05-09,SCHEDULED,35,ACF Fiorentina,AS Roma,,,,558298,,,,,,,,NO_ODDS_MATCH
Serie A,2027-05-16,SCHEDULED,36,SSC Napoli,Genoa CFC,,,,558279,,,,,,,,NO_ODDS_MATCH
Serie A,2027-05-16,SCHEDULED,36,US Lecce,ACF Fiorentina,,,,558280,,,,,,,,NO_ODDS_MATCH
Serie A,2027-05-16,SCHEDULED,36,SS Lazio,Udinese Calcio,,,,558281,,,,,,,,NO_ODDS_MATCH
Serie A,2027-05-16,SCHEDULED,36,Bologna FC 1909,Frosinone Calcio,,,,558282,,,,,,,,NO_ODDS_MATCH
Serie A,2027-05-16,SCHEDULED,36,Como 1907,Atalanta BC,,,,558283,,,,,,,,NO_ODDS_MATCH
Serie A,2027-05-16,SCHEDULED,36,Juventus FC,FC Internazionale Milano,,,,558284,,,,,,,,NO_ODDS_MATCH
Serie A,2027-05-16,SCHEDULED,36,US Sassuolo Calcio,Venezia FC,,,,558285,,,,,,,,NO_ODDS_MATCH
Serie A,2027-05-16,SCHEDULED,36,AC Monza,Parma Calcio 1913,,,,558286,,,,,,,,NO_ODDS_MATCH
Serie A,2027-05-16,SCHEDULED,36,AC Milan,AS Roma,,,,558287,,,,,,,,NO_ODDS_MATCH
Serie A,2027-05-16,SCHEDULED,36,Cagliari Calcio,Torino FC,,,,558288,,,,,,,,NO_ODDS_MATCH
Serie A,2027-05-23,SCHEDULED,37,AS Roma,Como 1907,,,,558269,,,,,,,,NO_ODDS_MATCH
Serie A,2027-05-23,SCHEDULED,37,Parma Calcio 1913,Juventus FC,,,,558270,,,,,,,,NO_ODDS_MATCH
Serie A,2027-05-23,SCHEDULED,37,Torino FC,SSC Napoli,,,,558271,,,,,,,,NO_ODDS_MATCH
Serie A,2027-05-23,SCHEDULED,37,Atalanta BC,US Lecce,,,,558272,,,,,,,,NO_ODDS_MATCH
Serie A,2027-05-23,SCHEDULED,37,FC Internazionale Milano,SS Lazio,,,,558273,,,,,,,,NO_ODDS_MATCH
Serie A,2027-05-23,SCHEDULED,37,Udinese Calcio,US Sassuolo Calcio,,,,558274,,,,,,,,NO_ODDS_MATCH
Serie A,2027-05-23,SCHEDULED,37,Frosinone Calcio,Cagliari Calcio,,,,558275,,,,,,,,NO_ODDS_MATCH
Serie A,2027-05-23,SCHEDULED,37,ACF Fiorentina,AC Monza,,,,558276,,,,,,,,NO_ODDS_MATCH
Serie A,2027-05-23,SCHEDULED,37,Venezia FC,AC Milan,,,,558277,,,,,,,,NO_ODDS_MATCH
Serie A,2027-05-23,SCHEDULED,37,Genoa CFC,Bologna FC 1909,,,,558278,,,,,,,,NO_ODDS_MATCH
Serie A,2027-05-30,SCHEDULED,38,AC Milan,Udinese Calcio,,,,558259,,,,,,,,NO_ODDS_MATCH
Serie A,2027-05-30,SCHEDULED,38,Juventus FC,Frosinone Calcio,,,,558260,,,,,,,,NO_ODDS_MATCH
Serie A,2027-05-30,SCHEDULED,38,AC Monza,Torino FC,,,,558261,,,,,,,,NO_ODDS_MATCH
Serie A,2027-05-30,SCHEDULED,38,US Sassuolo Calcio,FC Internazionale Milano,,,,558262,,,,,,,,NO_ODDS_MATCH
Serie A,2027-05-30,SCHEDULED,38,Cagliari Calcio,AS Roma,,,,558263,,,,,,,,NO_ODDS_MATCH
Serie A,2027-05-30,SCHEDULED,38,SS Lazio,ACF Fiorentina,,,,558264,,,,,,,,NO_ODDS_MATCH
Serie A,2027-05-30,SCHEDULED,38,Como 1907,Genoa CFC,,,,558265,,,,,,,,NO_ODDS_MATCH
Serie A,2027-05-30,SCHEDULED,38,SSC Napoli,Atalanta BC,,,,558266,,,,,,,,NO_ODDS_MATCH
Serie A,2027-05-30,SCHEDULED,38,US Lecce,Venezia FC,,,,558267,,,,,,,,NO_ODDS_MATCH
Serie A,2027-05-30,SCHEDULED,38,Bologna FC 1909,Parma Calcio 1913,,,,558268,,,,,,,,NO_ODDS_MATCH
Ligue 1,2026-08-21,FINISHED,1,Olympique de Marseille,RC Strasbourg Alsace,4,0,HOME_TEAM,559715,,,,,,,,NO_ODDS_MATCH
Ligue 1,2026-08-22,FINISHED,1,Racing Club de Lens,AJ Auxerre,5,2,HOME_TEAM,559712,,,,,,,,NO_ODDS_MATCH
Ligue 1,2026-08-22,FINISHED,1,Le Mans FC,Stade Brestois 29,2,2,DRAW,559711,,,,,,,,NO_ODDS_MATCH
Ligue 1,2026-08-22,FINISHED,1,ES Troyes AC,Paris FC,0,0,DRAW,559714,,,,,,,,NO_ODDS_MATCH
Ligue 1,2026-08-22,FINISHED,1,OGC Nice,FC Lorient,0,0,DRAW,559716,,,,,,,,NO_ODDS_MATCH
Ligue 1,2026-08-22,FINISHED,1,Toulouse FC,Olympique Lyonnais,0,2,AWAY_TEAM,559718,,,,,,,,NO_ODDS_MATCH
Ligue 1,2026-08-23,FINISHED,1,Angers SCO,Lille OSC,0,2,AWAY_TEAM,559717,,,,,,,,NO_ODDS_MATCH
Ligue 1,2026-08-23,FINISHED,1,Le Havre AC,AS Monaco FC,0,1,AWAY_TEAM,559719,,,,,,,,NO_ODDS_MATCH
Ligue 1,2026-08-23,FINISHED,1,Stade Rennais FC 1901,Paris Saint-Germain FC,2,2,DRAW,559713,,,,,,,,NO_ODDS_MATCH
Ligue 1,2026-08-28,FINISHED,2,Lille OSC,Paris Saint-Germain FC,2,2,DRAW,559702,,,,,,,,NO_ODDS_MATCH
Ligue 1,2026-08-29,FINISHED,2,RC Strasbourg Alsace,Racing Club de Lens,2,1,HOME_TEAM,559704,,,,,,,,NO_ODDS_MATCH
Ligue 1,2026-08-29,FINISHED,2,FC Lorient,ES Troyes AC,1,2,AWAY_TEAM,559705,,,,,,,,NO_ODDS_MATCH
Ligue 1,2026-08-29,FINISHED,2,Olympique Lyonnais,Le Havre AC,1,1,DRAW,559706,,,,,,,,NO_ODDS_MATCH
Ligue 1,2026-08-29,FINISHED,2,AJ Auxerre,Angers SCO,1,3,AWAY_TEAM,559708,,,,,,,,NO_ODDS_MATCH
Ligue 1,2026-08-29,FINISHED,2,Stade Brestois 29,Toulouse FC,2,2,DRAW,559710,,,,,,,,NO_ODDS_MATCH
Ligue 1,2026-08-30,FINISHED,2,Paris FC,OGC Nice,3,0,HOME_TEAM,559707,,,,,,,,NO_ODDS_MATCH
Ligue 1,2026-08-30,FINISHED,2,Stade Rennais FC 1901,Le Mans FC,3,2,HOME_TEAM,559709,,,,,,,,NO_ODDS_MATCH
Ligue 1,2026-08-30,FINISHED,2,AS Monaco FC,Olympique de Marseille,2,0,HOME_TEAM,559703,,,,,,,,NO_ODDS_MATCH
Ligue 1,2026-09-03,FINISHED,3,Toulouse FC,Lille OSC,0,1,AWAY_TEAM,559696,,,,,,,,NO_ODDS_MATCH
Ligue 1,2026-09-04,FINISHED,3,Olympique Lyonnais,AJ Auxerre,3,1,HOME_TEAM,559699,,,,,,,,NO_ODDS_MATCH
Ligue 1,2026-09-04,FINISHED,3,Paris Saint-Germain FC,AS Monaco FC,1,2,AWAY_TEAM,559697,,,,,,,,NO_ODDS_MATCH
Ligue 1,2026-09-05,FINISHED,3,Racing Club de Lens,FC Lorient,0,1,AWAY_TEAM,559695,,,,,,,,NO_ODDS_MATCH
Ligue 1,2026-09-05,FINISHED,3,Le Havre AC,Stade Brestois 29,1,2,AWAY_TEAM,559693,,,,,,,,NO_ODDS_MATCH
Ligue 1,2026-09-05,FINISHED,3,OGC Nice,Le Mans FC,1,1,DRAW,559701,,,,,,,,NO_ODDS_MATCH
Ligue 1,2026-09-06,FINISHED,3,ES Troyes AC,RC Strasbourg Alsace,2,6,AWAY_TEAM,559700,,,,,,,,NO_ODDS_MATCH
Ligue 1,2026-09-06,FINISHED,3,Angers SCO,Stade Rennais FC 1901,1,2,AWAY_TEAM,559698,,,,,,,,NO_ODDS_MATCH
Ligue 1,2026-09-06,FINISHED,3,Olympique de Marseille,Paris FC,2,3,AWAY_TEAM,559694,,,,,,,,NO_ODDS_MATCH
Ligue 1,2026-09-11,FINISHED,4,Stade Rennais FC 1901,Olympique de Marseille,1,0,HOME_TEAM,559689,,,,,,,,NO_ODDS_MATCH
Ligue 1,2026-09-12,FINISHED,4,RC Strasbourg Alsace,AS Monaco FC,1,1,DRAW,559687,,,,,,,,NO_ODDS_MATCH
Ligue 1,2026-09-12,FINISHED,4,FC Lorient,Toulouse FC,2,2,DRAW,559684,,,,,,,,NO_ODDS_MATCH
Ligue 1,2026-09-12,FINISHED,4,AJ Auxerre,OGC Nice,1,0,HOME_TEAM,559688,,,,,,,,NO_ODDS_MATCH
Ligue 1,2026-09-12,FINISHED,4,Le Havre AC,Angers SCO,0,0,DRAW,559690,,,,,,,,NO_ODDS_MATCH
Ligue 1,2026-09-12,FINISHED,4,Paris FC,Olympique Lyonnais,0,0,DRAW,559692,,,,,,,,NO_ODDS_MATCH
Ligue 1,2026-09-13,FINISHED,4,Lille OSC,ES Troyes AC,2,0,HOME_TEAM,559685,,,,,,,,NO_ODDS_MATCH
Ligue 1,2026-09-13,FINISHED,4,Le Mans FC,Racing Club de Lens,2,2,DRAW,559686,,,,,,,,NO_ODDS_MATCH
Ligue 1,2026-09-13,FINISHED,4,Stade Brestois 29,Paris Saint-Germain FC,0,1,AWAY_TEAM,559691,,,,,,,,NO_ODDS_MATCH
Ligue 1,2026-09-18,FINISHED,5,AS Monaco FC,Racing Club de Lens,2,1,HOME_TEAM,559682,,,,,,,,NO_ODDS_MATCH
Ligue 1,2026-09-19,FINISHED,5,Paris FC,RC Strasbourg Alsace,2,1,HOME_TEAM,559679,,,,,,,,NO_ODDS_MATCH
Ligue 1,2026-09-19,FINISHED,5,Le Mans FC,FC Lorient,2,1,HOME_TEAM,559677,,,,,,,,NO_ODDS_MATCH
Ligue 1,2026-09-19,FINISHED,5,Toulouse FC,Le Havre AC,3,2,HOME_TEAM,559680,,,,,,,,NO_ODDS_MATCH
Ligue 1,2026-09-19,FINISHED,5,Angers SCO,ES Troyes AC,2,0,HOME_TEAM,559681,,,,,,,,NO_ODDS_MATCH
Ligue 1,2026-09-19,FINISHED,5,Olympique Lyonnais,Stade Rennais FC 1901,4,0,HOME_TEAM,559683,,,,,,,,NO_ODDS_MATCH
Ligue 1,2026-09-20,FINISHED,5,AJ Auxerre,Stade Brestois 29,2,1,HOME_TEAM,559676,,,,,,,,NO_ODDS_MATCH
Ligue 1,2026-09-20,FINISHED,5,OGC Nice,Lille OSC,2,1,HOME_TEAM,559678,,,,,,,,NO_ODDS_MATCH
Ligue 1,2026-09-20,FINISHED,5,Olympique de Marseille,Paris Saint-Germain FC,1,2,AWAY_TEAM,559675,,,,,,,,NO_ODDS_MATCH
Ligue 1,2026-10-09,TIMED,6,Racing Club de Lens,Olympique Lyonnais,,,,559669,,,,,,,,NO_ODDS_MATCH
Ligue 1,2026-10-10,TIMED,6,Lille OSC,Le Havre AC,,,,559674,,,,,,,,NO_ODDS_MATCH
Ligue 1,2026-10-10,TIMED,6,Stade Brestois 29,Angers SCO,,,,559666,,,,,,,,NO_ODDS_MATCH
Ligue 1,2026-10-10,TIMED,6,FC Lorient,Paris FC,,,,559668,,,,,,,,NO_ODDS_MATCH
Ligue 1,2026-10-10,TIMED,6,Paris Saint-Germain FC,Le Mans FC,,,,559672,,,,,,,,NO_ODDS_MATCH
Ligue 1,2026-10-10,TIMED,6,AS Monaco FC,Toulouse FC,,,,559673,,,,,,,,NO_ODDS_MATCH
Ligue 1,2026-10-11,TIMED,6,OGC Nice,RC Strasbourg Alsace,,,,559670,,,,,,,,NO_ODDS_MATCH
Ligue 1,2026-10-11,TIMED,6,Stade Rennais FC 1901,AJ Auxerre,,,,559667,,,,,,,,NO_ODDS_MATCH
Ligue 1,2026-10-11,TIMED,6,ES Troyes AC,Olympique de Marseille,,,,559671,,,,,,,,NO_ODDS_MATCH
Ligue 1,2026-10-16,TIMED,7,Le Mans FC,Toulouse FC,,,,559661,,,,,,,,NO_ODDS_MATCH
Ligue 1,2026-10-17,TIMED,7,RC Strasbourg Alsace,Paris Saint-Germain FC,,,,559662,,,,,,,,NO_ODDS_MATCH
Ligue 1,2026-10-17,TIMED,7,ES Troyes AC,Racing Club de Lens,,,,559659,,,,,,,,NO_ODDS_MATCH
Ligue 1,2026-10-17,TIMED,7,Lille OSC,Stade Brestois 29,,,,559660,,,,,,,,NO_ODDS_MATCH
Ligue 1,2026-10-18,TIMED,7,Angers SCO,Olympique de Marseille,,,,559664,,,,,,,,NO_ODDS_MATCH
Ligue 1,2026-10-18,TIMED,7,FC Lorient,AS Monaco FC,,,,559657,,,,,,,,NO_ODDS_MATCH
Ligue 1,2026-10-18,TIMED,7,Paris FC,Stade Rennais FC 1901,,,,559658,,,,,,,,NO_ODDS_MATCH
Ligue 1,2026-10-18,TIMED,7,Le Havre AC,AJ Auxerre,,,,559663,,,,,,,,NO_ODDS_MATCH
Ligue 1,2026-10-18,TIMED,7,Olympique Lyonnais,OGC Nice,,,,559665,,,,,,,,NO_ODDS_MATCH
Ligue 1,2026-10-23,TIMED,8,Stade Brestois 29,OGC Nice,,,,559654,,,,,,,,NO_ODDS_MATCH
Ligue 1,2026-10-24,TIMED,8,Toulouse FC,ES Troyes AC,,,,559655,,,,,,,,NO_ODDS_MATCH
Ligue 1,2026-10-24,TIMED,8,Racing Club de Lens,Paris FC,,,,559652,,,,,,,,NO_ODDS_MATCH
Ligue 1,2026-10-25,TIMED,8,AS Monaco FC,Lille OSC,,,,559650,,,,,,,,NO_ODDS_MATCH
Ligue 1,2026-10-25,TIMED,8,Olympique de Marseille,Le Havre AC,,,,559649,,,,,,,,NO_ODDS_MATCH
Ligue 1,2026-10-25,TIMED,8,Stade Rennais FC 1901,RC Strasbourg Alsace,,,,559651,,,,,,,,NO_ODDS_MATCH
Ligue 1,2026-10-25,TIMED,8,Angers SCO,FC Lorient,,,,559653,,,,,,,,NO_ODDS_MATCH
Ligue 1,2026-10-25,TIMED,8,AJ Auxerre,Le Mans FC,,,,559656,,,,,,,,NO_ODDS_MATCH
Ligue 1,2026-10-25,TIMED,8,Paris Saint-Germain FC,Olympique Lyonnais,,,,559648,,,,,,,,NO_ODDS_MATCH
Ligue 1,2026-10-30,TIMED,9,Le Havre AC,Paris Saint-Germain FC,,,,559644,,,,,,,,NO_ODDS_MATCH
Ligue 1,2026-10-30,TIMED,9,Lille OSC,Racing Club de Lens,,,,559639,,,,,,,,NO_ODDS_MATCH
Ligue 1,2026-10-31,TIMED,9,OGC Nice,Stade Rennais FC 1901,,,,559646,,,,,,,,NO_ODDS_MATCH
Ligue 1,2026-10-31,TIMED,9,Olympique Lyonnais,Angers SCO,,,,559640,,,,,,,,NO_ODDS_MATCH
Ligue 1,2026-10-31,TIMED,9,FC Lorient,Stade Brestois 29,,,,559641,,,,,,,,NO_ODDS_MATCH
Ligue 1,2026-10-31,TIMED,9,ES Troyes AC,Le Mans FC,,,,559643,,,,,,,,NO_ODDS_MATCH
Ligue 1,2026-11-01,TIMED,9,RC Strasbourg Alsace,AJ Auxerre,,,,559647,,,,,,,,NO_ODDS_MATCH
Ligue 1,2026-11-01,TIMED,9,Paris FC,AS Monaco FC,,,,559642,,,,,,,,NO_ODDS_MATCH
Ligue 1,2026-11-01,TIMED,9,Olympique de Marseille,Toulouse FC,,,,559645,,,,,,,,NO_ODDS_MATCH
Ligue 1,2026-11-06,TIMED,10,Toulouse FC,RC Strasbourg Alsace,,,,559638,,,,,,,,NO_ODDS_MATCH
Ligue 1,2026-11-07,TIMED,10,AJ Auxerre,Paris FC,,,,559637,,,,,,,,NO_ODDS_MATCH
Ligue 1,2026-11-07,TIMED,10,Paris Saint-Germain FC,ES Troyes AC,,,,559635,,,,,,,,NO_ODDS_MATCH
Ligue 1,2026-11-08,TIMED,10,Stade Rennais FC 1901,Lille OSC,,,,559636,,,,,,,,NO_ODDS_MATCH
Ligue 1,2026-11-08,TIMED,10,Le Mans FC,AS Monaco FC,,,,559631,,,,,,,,NO_ODDS_MATCH
Ligue 1,2026-11-08,TIMED,10,Stade Brestois 29,Olympique Lyonnais,,,,559632,,,,,,,,NO_ODDS_MATCH
Ligue 1,2026-11-08,TIMED,10,Le Havre AC,FC Lorient,,,,559633,,,,,,,,NO_ODDS_MATCH
Ligue 1,2026-11-08,TIMED,10,Angers SCO,OGC Nice,,,,559634,,,,,,,,NO_ODDS_MATCH
Ligue 1,2026-11-08,TIMED,10,Racing Club de Lens,Olympique de Marseille,,,,559630,,,,,,,,NO_ODDS_MATCH
Ligue 1,2026-11-20,TIMED,11,ES Troyes AC,Le Havre AC,,,,559622,,,,,,,,NO_ODDS_MATCH
Ligue 1,2026-11-21,TIMED,11,OGC Nice,Paris Saint-Germain FC,,,,559628,,,,,,,,NO_ODDS_MATCH
Ligue 1,2026-11-21,TIMED,11,AS Monaco FC,AJ Auxerre,,,,559621,,,,,,,,NO_ODDS_MATCH
Ligue 1,2026-11-21,TIMED,11,Racing Club de Lens,Toulouse FC,,,,559623,,,,,,,,NO_ODDS_MATCH
Ligue 1,2026-11-21,TIMED,11,Lille OSC,Olympique Lyonnais,,,,559624,,,,,,,,NO_ODDS_MATCH
Ligue 1,2026-11-21,TIMED,11,RC Strasbourg Alsace,Stade Brestois 29,,,,559627,,,,,,,,NO_ODDS_MATCH
Ligue 1,2026-11-22,TIMED,11,Paris FC,Angers SCO,,,,559625,,,,,,,,NO_ODDS_MATCH
Ligue 1,2026-11-22,TIMED,11,FC Lorient,Stade Rennais FC 1901,,,,559626,,,,,,,,NO_ODDS_MATCH
Ligue 1,2026-11-22,TIMED,11,Olympique de Marseille,Le Mans FC,,,,559629,,,,,,,,NO_ODDS_MATCH
Ligue 1,2026-11-27,TIMED,12,Stade Brestois 29,Paris FC,,,,559616,,,,,,,,NO_ODDS_MATCH
Ligue 1,2026-11-28,TIMED,12,Angers SCO,Racing Club de Lens,,,,559612,,,,,,,,NO_ODDS_MATCH
Ligue 1,2026-11-28,TIMED,12,Le Mans FC,Lille OSC,,,,559617,,,,,,,,NO_ODDS_MATCH
Ligue 1,2026-11-28,TIMED,12,OGC Nice,ES Troyes AC,,,,559620,,,,,,,,NO_ODDS_MATCH
Ligue 1,2026-11-28,TIMED,12,Le Havre AC,RC Strasbourg Alsace,,,,559613,,,,,,,,NO_ODDS_MATCH
Ligue 1,2026-11-28,TIMED,12,Paris Saint-Germain FC,FC Lorient,,,,559614,,,,,,,,NO_ODDS_MATCH
Ligue 1,2026-11-29,TIMED,12,AJ Auxerre,Olympique de Marseille,,,,559619,,,,,,,,NO_ODDS_MATCH
Ligue 1,2026-11-29,TIMED,12,Toulouse FC,Stade Rennais FC 1901,,,,559618,,,,,,,,NO_ODDS_MATCH
Ligue 1,2026-11-29,TIMED,12,Olympique Lyonnais,AS Monaco FC,,,,559615,,,,,,,,NO_ODDS_MATCH
Ligue 1,2026-12-05,SCHEDULED,13,ES Troyes AC,Olympique Lyonnais,,,,559603,,,,,,,,NO_ODDS_MATCH
Ligue 1,2026-12-05,SCHEDULED,13,AS Monaco FC,Angers SCO,,,,559604,,,,,,,,NO_ODDS_MATCH
Ligue 1,2026-12-05,SCHEDULED,13,Racing Club de Lens,Le Havre AC,,,,559605,,,,,,,,NO_ODDS_MATCH
Ligue 1,2026-12-05,SCHEDULED,13,Lille OSC,AJ Auxerre,,,,559606,,,,,,,,NO_ODDS_MATCH
Ligue 1,2026-12-05,SCHEDULED,13,Olympique de Marseille,OGC Nice,,,,559607,,,,,,,,NO_ODDS_MATCH
Ligue 1,2026-12-05,SCHEDULED,13,Stade Rennais FC 1901,Stade Brestois 29,,,,559608,,,,,,,,NO_ODDS_MATCH
Ligue 1,2026-12-05,SCHEDULED,13,Toulouse FC,Paris Saint-Germain FC,,,,559609,,,,,,,,NO_ODDS_MATCH
Ligue 1,2026-12-05,SCHEDULED,13,RC Strasbourg Alsace,FC Lorient,,,,559610,,,,,,,,NO_ODDS_MATCH
Ligue 1,2026-12-05,SCHEDULED,13,Paris FC,Le Mans FC,,,,559611,,,,,,,,NO_ODDS_MATCH
Ligue 1,2026-12-12,SCHEDULED,14,OGC Nice,Racing Club de Lens,,,,559595,,,,,,,,NO_ODDS_MATCH
Ligue 1,2026-12-12,SCHEDULED,14,Paris Saint-Germain FC,Paris FC,,,,559596,,,,,,,,NO_ODDS_MATCH
Ligue 1,2026-12-12,SCHEDULED,14,Angers SCO,RC Strasbourg Alsace,,,,559597,,,,,,,,NO_ODDS_MATCH
Ligue 1,2026-12-12,SCHEDULED,14,Stade Brestois 29,ES Troyes AC,,,,559598,,,,,,,,NO_ODDS_MATCH
Ligue 1,2026-12-12,SCHEDULED,14,Le Havre AC,Le Mans FC,,,,559599,,,,,,,,NO_ODDS_MATCH
Ligue 1,2026-12-12,SCHEDULED,14,Stade Rennais FC 1901,AS Monaco FC,,,,559600,,,,,,,,NO_ODDS_MATCH
Ligue 1,2026-12-12,SCHEDULED,14,FC Lorient,Lille OSC,,,,559601,,,,,,,,NO_ODDS_MATCH
Ligue 1,2026-12-12,SCHEDULED,14,AJ Auxerre,Toulouse FC,,,,559602,,,,,,,,NO_ODDS_MATCH
Ligue 1,2026-12-13,TIMED,14,Olympique Lyonnais,Olympique de Marseille,,,,559594,,,,,,,,NO_ODDS_MATCH
Ligue 1,2027-01-02,SCHEDULED,15,Le Mans FC,Olympique Lyonnais,,,,559586,,,,,,,,NO_ODDS_MATCH
Ligue 1,2027-01-02,SCHEDULED,15,Stade Brestois 29,Olympique de Marseille,,,,559587,,,,,,,,NO_ODDS_MATCH
Ligue 1,2027-01-02,SCHEDULED,15,ES Troyes AC,Stade Rennais FC 1901,,,,559588,,,,,,,,NO_ODDS_MATCH
Ligue 1,2027-01-02,SCHEDULED,15,Toulouse FC,Angers SCO,,,,559589,,,,,,,,NO_ODDS_MATCH
Ligue 1,2027-01-02,SCHEDULED,15,AS Monaco FC,OGC Nice,,,,559590,,,,,,,,NO_ODDS_MATCH
Ligue 1,2027-01-02,SCHEDULED,15,Paris FC,Le Havre AC,,,,559591,,,,,,,,NO_ODDS_MATCH
Ligue 1,2027-01-02,SCHEDULED,15,FC Lorient,AJ Auxerre,,,,559592,,,,,,,,NO_ODDS_MATCH
Ligue 1,2027-01-02,SCHEDULED,15,Lille OSC,RC Strasbourg Alsace,,,,559593,,,,,,,,NO_ODDS_MATCH
Ligue 1,2027-01-03,TIMED,15,Racing Club de Lens,Paris Saint-Germain FC,,,,559585,,,,,,,,NO_ODDS_MATCH
Ligue 1,2027-01-16,SCHEDULED,16,Olympique de Marseille,Lille OSC,,,,559576,,,,,,,,NO_ODDS_MATCH
Ligue 1,2027-01-16,SCHEDULED,16,Olympique Lyonnais,FC Lorient,,,,559577,,,,,,,,NO_ODDS_MATCH
Ligue 1,2027-01-16,SCHEDULED,16,Paris FC,Toulouse FC,,,,559578,,,,,,,,NO_ODDS_MATCH
Ligue 1,2027-01-16,SCHEDULED,16,Stade Rennais FC 1901,Racing Club de Lens,,,,559579,,,,,,,,NO_ODDS_MATCH
Ligue 1,2027-01-16,SCHEDULED,16,OGC Nice,Le Havre AC,,,,559580,,,,,,,,NO_ODDS_MATCH
Ligue 1,2027-01-16,SCHEDULED,16,AJ Auxerre,ES Troyes AC,,,,559581,,,,,,,,NO_ODDS_MATCH
Ligue 1,2027-01-16,SCHEDULED,16,RC Strasbourg Alsace,Le Mans FC,,,,559582,,,,,,,,NO_ODDS_MATCH
Ligue 1,2027-01-16,SCHEDULED,16,AS Monaco FC,Stade Brestois 29,,,,559583,,,,,,,,NO_ODDS_MATCH
Ligue 1,2027-01-16,SCHEDULED,16,Angers SCO,Paris Saint-Germain FC,,,,559584,,,,,,,,NO_ODDS_MATCH
Ligue 1,2027-01-23,SCHEDULED,17,Le Havre AC,Stade Rennais FC 1901,,,,559567,,,,,,,,NO_ODDS_MATCH
Ligue 1,2027-01-23,SCHEDULED,17,RC Strasbourg Alsace,Olympique Lyonnais,,,,559568,,,,,,,,NO_ODDS_MATCH
Ligue 1,2027-01-23,SCHEDULED,17,Lille OSC,Paris FC,,,,559569,,,,,,,,NO_ODDS_MATCH
Ligue 1,2027-01-23,SCHEDULED,17,Racing Club de Lens,Stade Brestois 29,,,,559570,,,,,,,,NO_ODDS_MATCH
Ligue 1,2027-01-23,SCHEDULED,17,Paris Saint-Germain FC,AJ Auxerre,,,,559571,,,,,,,,NO_ODDS_MATCH
Ligue 1,2027-01-23,SCHEDULED,17,ES Troyes AC,AS Monaco FC,,,,559572,,,,,,,,NO_ODDS_MATCH
Ligue 1,2027-01-23,SCHEDULED,17,FC Lorient,Olympique de Marseille,,,,559573,,,,,,,,NO_ODDS_MATCH
Ligue 1,2027-01-23,SCHEDULED,17,Le Mans FC,Angers SCO,,,,559574,,,,,,,,NO_ODDS_MATCH
Ligue 1,2027-01-23,SCHEDULED,17,Toulouse FC,OGC Nice,,,,559575,,,,,,,,NO_ODDS_MATCH
Ligue 1,2027-01-30,SCHEDULED,18,Paris FC,AJ Auxerre,,,,559558,,,,,,,,NO_ODDS_MATCH
Ligue 1,2027-01-30,SCHEDULED,18,Olympique Lyonnais,Lille OSC,,,,559559,,,,,,,,NO_ODDS_MATCH
Ligue 1,2027-01-30,SCHEDULED,18,Stade Rennais FC 1901,FC Lorient,,,,559560,,,,,,,,NO_ODDS_MATCH
Ligue 1,2027-01-30,SCHEDULED,18,Le Mans FC,OGC Nice,,,,559561,,,,,,,,NO_ODDS_MATCH
Ligue 1,2027-01-30,SCHEDULED,18,Olympique de Marseille,ES Troyes AC,,,,559562,,,,,,,,NO_ODDS_MATCH
Ligue 1,2027-01-30,SCHEDULED,18,Angers SCO,Le Havre AC,,,,559563,,,,,,,,NO_ODDS_MATCH
Ligue 1,2027-01-30,SCHEDULED,18,Stade Brestois 29,RC Strasbourg Alsace,,,,559564,,,,,,,,NO_ODDS_MATCH
Ligue 1,2027-01-30,SCHEDULED,18,AS Monaco FC,Paris Saint-Germain FC,,,,559565,,,,,,,,NO_ODDS_MATCH
Ligue 1,2027-01-30,SCHEDULED,18,Toulouse FC,Racing Club de Lens,,,,559566,,,,,,,,NO_ODDS_MATCH
Ligue 1,2027-02-06,SCHEDULED,19,ES Troyes AC,Lille OSC,,,,559550,,,,,,,,NO_ODDS_MATCH
Ligue 1,2027-02-06,SCHEDULED,19,Racing Club de Lens,Angers SCO,,,,559551,,,,,,,,NO_ODDS_MATCH
Ligue 1,2027-02-06,SCHEDULED,19,Le Havre AC,Toulouse FC,,,,559552,,,,,,,,NO_ODDS_MATCH
Ligue 1,2027-02-06,SCHEDULED,19,FC Lorient,Le Mans FC,,,,559553,,,,,,,,NO_ODDS_MATCH
Ligue 1,2027-02-06,SCHEDULED,19,OGC Nice,Stade Brestois 29,,,,559554,,,,,,,,NO_ODDS_MATCH
Ligue 1,2027-02-06,SCHEDULED,19,Stade Rennais FC 1901,Olympique Lyonnais,,,,559555,,,,,,,,NO_ODDS_MATCH
Ligue 1,2027-02-06,SCHEDULED,19,RC Strasbourg Alsace,Paris FC,,,,559556,,,,,,,,NO_ODDS_MATCH
Ligue 1,2027-02-06,SCHEDULED,19,AJ Auxerre,AS Monaco FC,,,,559557,,,,,,,,NO_ODDS_MATCH
Ligue 1,2027-02-07,TIMED,19,Paris Saint-Germain FC,Olympique de Marseille,,,,559549,,,,,,,,NO_ODDS_MATCH
Ligue 1,2027-02-13,SCHEDULED,20,Stade Brestois 29,Stade Rennais FC 1901,,,,559540,,,,,,,,NO_ODDS_MATCH
Ligue 1,2027-02-13,SCHEDULED,20,Paris FC,ES Troyes AC,,,,559541,,,,,,,,NO_ODDS_MATCH
Ligue 1,2027-02-13,SCHEDULED,20,Le Mans FC,Paris Saint-Germain FC,,,,559542,,,,,,,,NO_ODDS_MATCH
Ligue 1,2027-02-13,SCHEDULED,20,FC Lorient,Le Havre AC,,,,559543,,,,,,,,NO_ODDS_MATCH
Ligue 1,2027-02-13,SCHEDULED,20,AJ Auxerre,RC Strasbourg Alsace,,,,559544,,,,,,,,NO_ODDS_MATCH
Ligue 1,2027-02-13,SCHEDULED,20,Toulouse FC,AS Monaco FC,,,,559545,,,,,,,,NO_ODDS_MATCH
Ligue 1,2027-02-13,SCHEDULED,20,Olympique de Marseille,Angers SCO,,,,559546,,,,,,,,NO_ODDS_MATCH
Ligue 1,2027-02-13,SCHEDULED,20,Lille OSC,OGC Nice,,,,559547,,,,,,,,NO_ODDS_MATCH
Ligue 1,2027-02-13,SCHEDULED,20,Olympique Lyonnais,Racing Club de Lens,,,,559548,,,,,,,,NO_ODDS_MATCH
Ligue 1,2027-02-20,SCHEDULED,21,Angers SCO,Paris FC,,,,559531,,,,,,,,NO_ODDS_MATCH
Ligue 1,2027-02-20,SCHEDULED,21,Stade Rennais FC 1901,Toulouse FC,,,,559532,,,,,,,,NO_ODDS_MATCH
Ligue 1,2027-02-20,SCHEDULED,21,Paris Saint-Germain FC,Stade Brestois 29,,,,559533,,,,,,,,NO_ODDS_MATCH
Ligue 1,2027-02-20,SCHEDULED,21,RC Strasbourg Alsace,Olympique de Marseille,,,,559534,,,,,,,,NO_ODDS_MATCH
Ligue 1,2027-02-20,SCHEDULED,21,OGC Nice,AJ Auxerre,,,,559535,,,,,,,,NO_ODDS_MATCH
Ligue 1,2027-02-20,SCHEDULED,21,Le Havre AC,Olympique Lyonnais,,,,559536,,,,,,,,NO_ODDS_MATCH
Ligue 1,2027-02-20,SCHEDULED,21,AS Monaco FC,Le Mans FC,,,,559537,,,,,,,,NO_ODDS_MATCH
Ligue 1,2027-02-20,SCHEDULED,21,Lille OSC,FC Lorient,,,,559538,,,,,,,,NO_ODDS_MATCH
Ligue 1,2027-02-20,SCHEDULED,21,Racing Club de Lens,ES Troyes AC,,,,559539,,,,,,,,NO_ODDS_MATCH
Ligue 1,2027-02-27,SCHEDULED,22,RC Strasbourg Alsace,Le Havre AC,,,,559523,,,,,,,,NO_ODDS_MATCH
Ligue 1,2027-02-27,SCHEDULED,22,AJ Auxerre,Lille OSC,,,,559524,,,,,,,,NO_ODDS_MATCH
Ligue 1,2027-02-27,SCHEDULED,22,ES Troyes AC,OGC Nice,,,,559525,,,,,,,,NO_ODDS_MATCH
Ligue 1,2027-02-27,SCHEDULED,22,Stade Brestois 29,AS Monaco FC,,,,559526,,,,,,,,NO_ODDS_MATCH
Ligue 1,2027-02-27,SCHEDULED,22,FC Lorient,Angers SCO,,,,559527,,,,,,,,NO_ODDS_MATCH
Ligue 1,2027-02-27,SCHEDULED,22,Olympique de Marseille,Stade Rennais FC 1901,,,,559528,,,,,,,,NO_ODDS_MATCH
Ligue 1,2027-02-27,SCHEDULED,22,Olympique Lyonnais,Toulouse FC,,,,559529,,,,,,,,NO_ODDS_MATCH
Ligue 1,2027-02-27,SCHEDULED,22,Le Mans FC,Paris FC,,,,559530,,,,,,,,NO_ODDS_MATCH
Ligue 1,2027-02-28,TIMED,22,Paris Saint-Germain FC,Racing Club de Lens,,,,559522,,,,,,,,NO_ODDS_MATCH
Ligue 1,2027-03-06,SCHEDULED,23,Le Havre AC,OGC Nice,,,,559513,,,,,,,,NO_ODDS_MATCH
Ligue 1,2027-03-06,SCHEDULED,23,Paris Saint-Germain FC,Stade Rennais FC 1901,,,,559514,,,,,,,,NO_ODDS_MATCH
Ligue 1,2027-03-06,SCHEDULED,23,Racing Club de Lens,RC Strasbourg Alsace,,,,559515,,,,,,,,NO_ODDS_MATCH
Ligue 1,2027-03-06,SCHEDULED,23,Toulouse FC,Le Mans FC,,,,559516,,,,,,,,NO_ODDS_MATCH
Ligue 1,2027-03-06,SCHEDULED,23,ES Troyes AC,FC Lorient,,,,559517,,,,,,,,NO_ODDS_MATCH
Ligue 1,2027-03-06,SCHEDULED,23,Angers SCO,AJ Auxerre,,,,559518,,,,,,,,NO_ODDS_MATCH
Ligue 1,2027-03-06,SCHEDULED,23,AS Monaco FC,Olympique Lyonnais,,,,559519,,,,,,,,NO_ODDS_MATCH
Ligue 1,2027-03-06,SCHEDULED,23,Paris FC,Stade Brestois 29,,,,559520,,,,,,,,NO_ODDS_MATCH
Ligue 1,2027-03-06,SCHEDULED,23,Lille OSC,Olympique de Marseille,,,,559521,,,,,,,,NO_ODDS_MATCH
Ligue 1,2027-03-13,SCHEDULED,24,OGC Nice,Toulouse FC,,,,559504,,,,,,,,NO_ODDS_MATCH
Ligue 1,2027-03-13,SCHEDULED,24,Paris FC,FC Lorient,,,,559505,,,,,,,,NO_ODDS_MATCH
Ligue 1,2027-03-13,SCHEDULED,24,RC Strasbourg Alsace,Angers SCO,,,,559506,,,,,,,,NO_ODDS_MATCH
Ligue 1,2027-03-13,SCHEDULED,24,Le Mans FC,Stade Rennais FC 1901,,,,559507,,,,,,,,NO_ODDS_MATCH
Ligue 1,2027-03-13,SCHEDULED,24,Stade Brestois 29,Lille OSC,,,,559508,,,,,,,,NO_ODDS_MATCH
Ligue 1,2027-03-13,SCHEDULED,24,Le Havre AC,Racing Club de Lens,,,,559509,,,,,,,,NO_ODDS_MATCH
Ligue 1,2027-03-13,SCHEDULED,24,Olympique de Marseille,AS Monaco FC,,,,559510,,,,,,,,NO_ODDS_MATCH
Ligue 1,2027-03-13,SCHEDULED,24,AJ Auxerre,Paris Saint-Germain FC,,,,559511,,,,,,,,NO_ODDS_MATCH
Ligue 1,2027-03-13,SCHEDULED,24,Olympique Lyonnais,ES Troyes AC,,,,559512,,,,,,,,NO_ODDS_MATCH
Ligue 1,2027-03-20,SCHEDULED,25,Angers SCO,Le Mans FC,,,,559496,,,,,,,,NO_ODDS_MATCH
Ligue 1,2027-03-20,SCHEDULED,25,Toulouse FC,Stade Brestois 29,,,,559497,,,,,,,,NO_ODDS_MATCH
Ligue 1,2027-03-20,SCHEDULED,25,ES Troyes AC,AJ Auxerre,,,,559498,,,,,,,,NO_ODDS_MATCH
Ligue 1,2027-03-20,SCHEDULED,25,Stade Rennais FC 1901,Paris FC,,,,559499,,,,,,,,NO_ODDS_MATCH
Ligue 1,2027-03-20,SCHEDULED,25,AS Monaco FC,Le Havre AC,,,,559500,,,,,,,,NO_ODDS_MATCH
Ligue 1,2027-03-20,SCHEDULED,25,Paris Saint-Germain FC,RC Strasbourg Alsace,,,,559501,,,,,,,,NO_ODDS_MATCH
Ligue 1,2027-03-20,SCHEDULED,25,Racing Club de Lens,Lille OSC,,,,559502,,,,,,,,NO_ODDS_MATCH
Ligue 1,2027-03-20,SCHEDULED,25,FC Lorient,OGC Nice,,,,559503,,,,,,,,NO_ODDS_MATCH
Ligue 1,2027-03-21,TIMED,25,Olympique de Marseille,Olympique Lyonnais,,,,559495,,,,,,,,NO_ODDS_MATCH
Ligue 1,2027-04-03,SCHEDULED,26,Le Havre AC,ES Troyes AC,,,,559486,,,,,,,,NO_ODDS_MATCH
Ligue 1,2027-04-03,SCHEDULED,26,Angers SCO,AS Monaco FC,,,,559487,,,,,,,,NO_ODDS_MATCH
Ligue 1,2027-04-03,SCHEDULED,26,Le Mans FC,Olympique de Marseille,,,,559488,,,,,,,,NO_ODDS_MATCH
Ligue 1,2027-04-03,SCHEDULED,26,AJ Auxerre,Racing Club de Lens,,,,559489,,,,,,,,NO_ODDS_MATCH
Ligue 1,2027-04-03,SCHEDULED,26,Lille OSC,Stade Rennais FC 1901,,,,559490,,,,,,,,NO_ODDS_MATCH
Ligue 1,2027-04-03,SCHEDULED,26,Stade Brestois 29,FC Lorient,,,,559491,,,,,,,,NO_ODDS_MATCH
Ligue 1,2027-04-03,SCHEDULED,26,RC Strasbourg Alsace,Toulouse FC,,,,559492,,,,,,,,NO_ODDS_MATCH
Ligue 1,2027-04-03,SCHEDULED,26,Paris FC,Paris Saint-Germain FC,,,,559493,,,,,,,,NO_ODDS_MATCH
Ligue 1,2027-04-03,SCHEDULED,26,OGC Nice,Olympique Lyonnais,,,,559494,,,,,,,,NO_ODDS_MATCH
Ligue 1,2027-04-10,SCHEDULED,27,FC Lorient,Racing Club de Lens,,,,559477,,,,,,,,NO_ODDS_MATCH
Ligue 1,2027-04-10,SCHEDULED,27,Olympique de Marseille,Stade Brestois 29,,,,559478,,,,,,,,NO_ODDS_MATCH
Ligue 1,2027-04-10,SCHEDULED,27,AS Monaco FC,Stade Rennais FC 1901,,,,559479,,,,,,,,NO_ODDS_MATCH
Ligue 1,2027-04-10,SCHEDULED,27,ES Troyes AC,Angers SCO,,,,559480,,,,,,,,NO_ODDS_MATCH
Ligue 1,2027-04-10,SCHEDULED,27,Paris Saint-Germain FC,Le Havre AC,,,,559481,,,,,,,,NO_ODDS_MATCH
Ligue 1,2027-04-10,SCHEDULED,27,Olympique Lyonnais,RC Strasbourg Alsace,,,,559482,,,,,,,,NO_ODDS_MATCH
Ligue 1,2027-04-10,SCHEDULED,27,Le Mans FC,AJ Auxerre,,,,559483,,,,,,,,NO_ODDS_MATCH
Ligue 1,2027-04-10,SCHEDULED,27,Lille OSC,Toulouse FC,,,,559484,,,,,,,,NO_ODDS_MATCH
Ligue 1,2027-04-10,SCHEDULED,27,OGC Nice,Paris FC,,,,559485,,,,,,,,NO_ODDS_MATCH
Ligue 1,2027-04-17,SCHEDULED,28,AJ Auxerre,FC Lorient,,,,559468,,,,,,,,NO_ODDS_MATCH
Ligue 1,2027-04-17,SCHEDULED,28,Stade Brestois 29,Le Mans FC,,,,559469,,,,,,,,NO_ODDS_MATCH
Ligue 1,2027-04-17,SCHEDULED,28,AS Monaco FC,RC Strasbourg Alsace,,,,559470,,,,,,,,NO_ODDS_MATCH
Ligue 1,2027-04-17,SCHEDULED,28,Angers SCO,Olympique Lyonnais,,,,559471,,,,,,,,NO_ODDS_MATCH
Ligue 1,2027-04-17,SCHEDULED,28,Racing Club de Lens,OGC Nice,,,,559472,,,,,,,,NO_ODDS_MATCH
Ligue 1,2027-04-17,SCHEDULED,28,Stade Rennais FC 1901,ES Troyes AC,,,,559473,,,,,,,,NO_ODDS_MATCH
Ligue 1,2027-04-17,SCHEDULED,28,Le Havre AC,Olympique de Marseille,,,,559474,,,,,,,,NO_ODDS_MATCH
Ligue 1,2027-04-17,SCHEDULED,28,Paris Saint-Germain FC,Lille OSC,,,,559475,,,,,,,,NO_ODDS_MATCH
Ligue 1,2027-04-17,SCHEDULED,28,Toulouse FC,Paris FC,,,,559476,,,,,,,,NO_ODDS_MATCH
Ligue 1,2027-04-24,SCHEDULED,29,Paris FC,Racing Club de Lens,,,,559459,,,,,,,,NO_ODDS_MATCH
Ligue 1,2027-04-24,SCHEDULED,29,Olympique de Marseille,AJ Auxerre,,,,559460,,,,,,,,NO_ODDS_MATCH
Ligue 1,2027-04-24,SCHEDULED,29,Lille OSC,AS Monaco FC,,,,559461,,,,,,,,NO_ODDS_MATCH
Ligue 1,2027-04-24,SCHEDULED,29,FC Lorient,Paris Saint-Germain FC,,,,559462,,,,,,,,NO_ODDS_MATCH
Ligue 1,2027-04-24,SCHEDULED,29,ES Troyes AC,Toulouse FC,,,,559463,,,,,,,,NO_ODDS_MATCH
Ligue 1,2027-04-24,SCHEDULED,29,OGC Nice,Angers SCO,,,,559464,,,,,,,,NO_ODDS_MATCH
Ligue 1,2027-04-24,SCHEDULED,29,Olympique Lyonnais,Stade Brestois 29,,,,559465,,,,,,,,NO_ODDS_MATCH
Ligue 1,2027-04-24,SCHEDULED,29,Le Mans FC,Le Havre AC,,,,559466,,,,,,,,NO_ODDS_MATCH
Ligue 1,2027-04-24,SCHEDULED,29,RC Strasbourg Alsace,Stade Rennais FC 1901,,,,559467,,,,,,,,NO_ODDS_MATCH
Ligue 1,2027-05-01,SCHEDULED,30,RC Strasbourg Alsace,Lille OSC,,,,559450,,,,,,,,NO_ODDS_MATCH
Ligue 1,2027-05-01,SCHEDULED,30,AS Monaco FC,FC Lorient,,,,559451,,,,,,,,NO_ODDS_MATCH
Ligue 1,2027-05-01,SCHEDULED,30,ES Troyes AC,Stade Brestois 29,,,,559452,,,,,,,,NO_ODDS_MATCH
Ligue 1,2027-05-01,SCHEDULED,30,Racing Club de Lens,Le Mans FC,,,,559453,,,,,,,,NO_ODDS_MATCH
Ligue 1,2027-05-01,SCHEDULED,30,Paris Saint-Germain FC,Angers SCO,,,,559454,,,,,,,,NO_ODDS_MATCH
Ligue 1,2027-05-01,SCHEDULED,30,Le Havre AC,Paris FC,,,,559455,,,,,,,,NO_ODDS_MATCH
Ligue 1,2027-05-01,SCHEDULED,30,AJ Auxerre,Olympique Lyonnais,,,,559456,,,,,,,,NO_ODDS_MATCH
Ligue 1,2027-05-01,SCHEDULED,30,Stade Rennais FC 1901,OGC Nice,,,,559457,,,,,,,,NO_ODDS_MATCH
Ligue 1,2027-05-01,SCHEDULED,30,Toulouse FC,Olympique de Marseille,,,,559458,,,,,,,,NO_ODDS_MATCH
Ligue 1,2027-05-08,SCHEDULED,31,Paris FC,Lille OSC,,,,559442,,,,,,,,NO_ODDS_MATCH
Ligue 1,2027-05-08,SCHEDULED,31,FC Lorient,RC Strasbourg Alsace,,,,559443,,,,,,,,NO_ODDS_MATCH
Ligue 1,2027-05-08,SCHEDULED,31,Stade Brestois 29,AJ Auxerre,,,,559444,,,,,,,,NO_ODDS_MATCH
Ligue 1,2027-05-08,SCHEDULED,31,Le Mans FC,ES Troyes AC,,,,559445,,,,,,,,NO_ODDS_MATCH
Ligue 1,2027-05-08,SCHEDULED,31,Stade Rennais FC 1901,Le Havre AC,,,,559446,,,,,,,,NO_ODDS_MATCH
Ligue 1,2027-05-08,SCHEDULED,31,Racing Club de Lens,AS Monaco FC,,,,559447,,,,,,,,NO_ODDS_MATCH
Ligue 1,2027-05-08,SCHEDULED,31,Angers SCO,Toulouse FC,,,,559448,,,,,,,,NO_ODDS_MATCH
Ligue 1,2027-05-08,SCHEDULED,31,OGC Nice,Olympique de Marseille,,,,559449,,,,,,,,NO_ODDS_MATCH
Ligue 1,2027-05-09,TIMED,31,Olympique Lyonnais,Paris Saint-Germain FC,,,,559441,,,,,,,,NO_ODDS_MATCH
Ligue 1,2027-05-16,SCHEDULED,32,AS Monaco FC,Paris FC,,,,559432,,,,,,,,NO_ODDS_MATCH
Ligue 1,2027-05-16,SCHEDULED,32,Olympique Lyonnais,Le Mans FC,,,,559433,,,,,,,,NO_ODDS_MATCH
Ligue 1,2027-05-16,SCHEDULED,32,Paris Saint-Germain FC,OGC Nice,,,,559434,,,,,,,,NO_ODDS_MATCH
Ligue 1,2027-05-16,SCHEDULED,32,Toulouse FC,FC Lorient,,,,559435,,,,,,,,NO_ODDS_MATCH
Ligue 1,2027-05-16,SCHEDULED,32,Stade Brestois 29,Le Havre AC,,,,559436,,,,,,,,NO_ODDS_MATCH
Ligue 1,2027-05-16,SCHEDULED,32,Olympique de Marseille,Racing Club de Lens,,,,559437,,,,,,,,NO_ODDS_MATCH
Ligue 1,2027-05-16,SCHEDULED,32,Lille OSC,Angers SCO,,,,559438,,,,,,,,NO_ODDS_MATCH
Ligue 1,2027-05-16,SCHEDULED,32,AJ Auxerre,Stade Rennais FC 1901,,,,559439,,,,,,,,NO_ODDS_MATCH
Ligue 1,2027-05-16,SCHEDULED,32,RC Strasbourg Alsace,ES Troyes AC,,,,559440,,,,,,,,NO_ODDS_MATCH
Ligue 1,2027-05-22,SCHEDULED,33,OGC Nice,AS Monaco FC,,,,559423,,,,,,,,NO_ODDS_MATCH
Ligue 1,2027-05-22,SCHEDULED,33,Angers SCO,Stade Brestois 29,,,,559424,,,,,,,,NO_ODDS_MATCH
Ligue 1,2027-05-22,SCHEDULED,33,FC Lorient,Olympique Lyonnais,,,,559425,,,,,,,,NO_ODDS_MATCH
Ligue 1,2027-05-22,SCHEDULED,33,ES Troyes AC,Paris Saint-Germain FC,,,,559426,,,,,,,,NO_ODDS_MATCH
Ligue 1,2027-05-22,SCHEDULED,33,Le Mans FC,RC Strasbourg Alsace,,,,559427,,,,,,,,NO_ODDS_MATCH
Ligue 1,2027-05-22,SCHEDULED,33,Toulouse FC,AJ Auxerre,,,,559428,,,,,,,,NO_ODDS_MATCH
Ligue 1,2027-05-22,SCHEDULED,33,Le Havre AC,Lille OSC,,,,559429,,,,,,,,NO_ODDS_MATCH
Ligue 1,2027-05-22,SCHEDULED,33,Paris FC,Olympique de Marseille,,,,559430,,,,,,,,NO_ODDS_MATCH
Ligue 1,2027-05-22,SCHEDULED,33,Racing Club de Lens,Stade Rennais FC 1901,,,,559431,,,,,,,,NO_ODDS_MATCH
Ligue 1,2027-05-29,SCHEDULED,34,AS Monaco FC,ES Troyes AC,,,,559414,,,,,,,,NO_ODDS_MATCH
Ligue 1,2027-05-29,SCHEDULED,34,Paris Saint-Germain FC,Toulouse FC,,,,559415,,,,,,,,NO_ODDS_MATCH
Ligue 1,2027-05-29,SCHEDULED,34,Lille OSC,Le Mans FC,,,,559416,,,,,,,,NO_ODDS_MATCH
Ligue 1,2027-05-29,SCHEDULED,34,Stade Brestois 29,Racing Club de Lens,,,,559417,,,,,,,,NO_ODDS_MATCH
Ligue 1,2027-05-29,SCHEDULED,34,Olympique de Marseille,FC Lorient,,,,559418,,,,,,,,NO_ODDS_MATCH
Ligue 1,2027-05-29,SCHEDULED,34,Stade Rennais FC 1901,Angers SCO,,,,559419,,,,,,,,NO_ODDS_MATCH
Ligue 1,2027-05-29,SCHEDULED,34,Olympique Lyonnais,Paris FC,,,,559420,,,,,,,,NO_ODDS_MATCH
Ligue 1,2027-05-29,SCHEDULED,34,AJ Auxerre,Le Havre AC,,,,559421,,,,,,,,NO_ODDS_MATCH
Ligue 1,2027-05-29,SCHEDULED,34,RC Strasbourg Alsace,OGC Nice,,,,559422,,,,,,,,NO_ODDS_MATCH
Bundesliga,2026-08-28,FINISHED,1,FC Bayern München,VfB Stuttgart,5,1,HOME_TEAM,565776,,,,,,,,NO_ODDS_MATCH
Bundesliga,2026-08-29,FINISHED,1,RB Leipzig,Borussia Mönchengladbach,3,0,HOME_TEAM,565777,,,,,,,,NO_ODDS_MATCH
Bundesliga,2026-08-29,FINISHED,1,1. FSV Mainz 05,SC Paderborn 07,0,0,DRAW,565778,,,,,,,,NO_ODDS_MATCH
Bundesliga,2026-08-29,FINISHED,1,1. FC Union Berlin,Eintracht Frankfurt,3,3,DRAW,565779,,,,,,,,NO_ODDS_MATCH
Bundesliga,2026-08-29,FINISHED,1,SV 07 Elversberg,Bayer 04 Leverkusen,3,2,HOME_TEAM,565780,,,,,,,,NO_ODDS_MATCH
Bundesliga,2026-08-29,FINISHED,1,1. FC Köln,TSG 1899 Hoffenheim,3,2,HOME_TEAM,565783,,,,,,,,NO_ODDS_MATCH
Bundesliga,2026-08-29,FINISHED,1,Borussia Dortmund,Hamburger SV,2,0,HOME_TEAM,565781,,,,,,,,NO_ODDS_MATCH
Bundesliga,2026-08-30,FINISHED,1,SC Freiburg,SV Werder Bremen,4,1,HOME_TEAM,565784,,,,,,,,NO_ODDS_MATCH
Bundesliga,2026-08-30,FINISHED,1,FC Augsburg,FC Schalke 04,3,0,HOME_TEAM,565782,,,,,,,,NO_ODDS_MATCH
Bundesliga,2026-09-04,FINISHED,2,VfB Stuttgart,1. FC Köln,4,1,HOME_TEAM,565791,,,,,,,,NO_ODDS_MATCH
Bundesliga,2026-09-05,FINISHED,2,SV Werder Bremen,RB Leipzig,3,1,HOME_TEAM,565785,,,,,,,,NO_ODDS_MATCH
Bundesliga,2026-09-05,FINISHED,2,TSG 1899 Hoffenheim,Borussia Dortmund,2,3,AWAY_TEAM,565787,,,,,,,,NO_ODDS_MATCH
Bundesliga,2026-09-05,FINISHED,2,Bayer 04 Leverkusen,1. FC Union Berlin,4,0,HOME_TEAM,565790,,,,,,,,NO_ODDS_MATCH
Bundesliga,2026-09-05,FINISHED,2,Borussia Mönchengladbach,SV 07 Elversberg,3,4,AWAY_TEAM,565792,,,,,,,,NO_ODDS_MATCH
Bundesliga,2026-09-05,FINISHED,2,SC Paderborn 07,SC Freiburg,0,1,AWAY_TEAM,565793,,,,,,,,NO_ODDS_MATCH
Bundesliga,2026-09-05,FINISHED,2,FC Schalke 04,FC Bayern München,0,0,DRAW,565789,,,,,,,,NO_ODDS_MATCH
Bundesliga,2026-09-06,FINISHED,2,Hamburger SV,1. FSV Mainz 05,0,5,AWAY_TEAM,565788,,,,,,,,NO_ODDS_MATCH
Bundesliga,2026-09-06,FINISHED,2,Eintracht Frankfurt,FC Augsburg,1,4,AWAY_TEAM,565786,,,,,,,,NO_ODDS_MATCH
Bundesliga,2026-09-11,FINISHED,3,1. FC Union Berlin,FC Schalke 04,1,3,AWAY_TEAM,565797,,,,,,,,NO_ODDS_MATCH
Bundesliga,2026-09-12,FINISHED,3,TSG 1899 Hoffenheim,VfB Stuttgart,2,1,HOME_TEAM,565794,,,,,,,,NO_ODDS_MATCH
Bundesliga,2026-09-12,FINISHED,3,Borussia Dortmund,SC Paderborn 07,3,0,HOME_TEAM,565795,,,,,,,,NO_ODDS_MATCH
Bundesliga,2026-09-12,FINISHED,3,FC Augsburg,Bayer 04 Leverkusen,2,2,DRAW,565796,,,,,,,,NO_ODDS_MATCH
Bundesliga,2026-09-12,FINISHED,3,1. FSV Mainz 05,Eintracht Frankfurt,1,3,AWAY_TEAM,565801,,,,,,,,NO_ODDS_MATCH
Bundesliga,2026-09-12,FINISHED,3,SC Freiburg,Borussia Mönchengladbach,5,0,HOME_TEAM,565802,,,,,,,,NO_ODDS_MATCH
Bundesliga,2026-09-12,FINISHED,3,1. FC Köln,SV Werder Bremen,1,1,DRAW,565798,,,,,,,,NO_ODDS_MATCH
Bundesliga,2026-09-13,FINISHED,3,RB Leipzig,Hamburger SV,5,0,HOME_TEAM,565799,,,,,,,,NO_ODDS_MATCH
Bundesliga,2026-09-13,FINISHED,3,SV 07 Elversberg,FC Bayern München,1,2,AWAY_TEAM,565800,,,,,,,,NO_ODDS_MATCH
Bundesliga,2026-09-18,FINISHED,4,FC Bayern München,1. FC Union Berlin,7,0,HOME_TEAM,565804,,,,,,,,NO_ODDS_MATCH
Bundesliga,2026-09-19,FINISHED,4,Hamburger SV,1. FC Köln,2,1,HOME_TEAM,565808,,,,,,,,NO_ODDS_MATCH
Bundesliga,2026-09-19,FINISHED,4,Borussia Mönchengladbach,1. FSV Mainz 05,3,4,AWAY_TEAM,565809,,,,,,,,NO_ODDS_MATCH
Bundesliga,2026-09-19,FINISHED,4,SV Werder Bremen,FC Augsburg,3,2,HOME_TEAM,565810,,,,,,,,NO_ODDS_MATCH
Bundesliga,2026-09-19,FINISHED,4,Eintracht Frankfurt,SC Freiburg,2,2,DRAW,565811,,,,,,,,NO_ODDS_MATCH
Bundesliga,2026-09-19,FINISHED,4,VfB Stuttgart,Borussia Dortmund,0,1,AWAY_TEAM,565806,,,,,,,,NO_ODDS_MATCH
Bundesliga,2026-09-20,FINISHED,4,Bayer 04 Leverkusen,RB Leipzig,2,0,HOME_TEAM,565807,,,,,,,,NO_ODDS_MATCH
Bundesliga,2026-09-20,FINISHED,4,FC Schalke 04,SV 07 Elversberg,0,0,DRAW,565805,,,,,,,,NO_ODDS_MATCH
Bundesliga,2026-09-20,FINISHED,4,SC Paderborn 07,TSG 1899 Hoffenheim,3,1,HOME_TEAM,565803,,,,,,,,NO_ODDS_MATCH
Bundesliga,2026-10-09,TIMED,5,Borussia Dortmund,SV Werder Bremen,,,,565820,,,,,,,,NO_ODDS_MATCH
Bundesliga,2026-10-10,TIMED,5,1. FSV Mainz 05,Bayer 04 Leverkusen,,,,565812,,,,,,,,NO_ODDS_MATCH
Bundesliga,2026-10-10,TIMED,5,SC Paderborn 07,VfB Stuttgart,,,,565813,,,,,,,,NO_ODDS_MATCH
Bundesliga,2026-10-10,TIMED,5,1. FC Union Berlin,SV 07 Elversberg,,,,565817,,,,,,,,NO_ODDS_MATCH
Bundesliga,2026-10-10,TIMED,5,TSG 1899 Hoffenheim,Hamburger SV,,,,565818,,,,,,,,NO_ODDS_MATCH
Bundesliga,2026-10-10,TIMED,5,FC Augsburg,FC Bayern München,,,,565819,,,,,,,,NO_ODDS_MATCH
Bundesliga,2026-10-10,TIMED,5,RB Leipzig,Eintracht Frankfurt,,,,565815,01cb7a67c8ae71201ec27297455fc0e8,Pinnacle,spreads,-1.0,1.87,1.0,2.04,MATCHED
Bundesliga,2026-10-10,TIMED,5,RB Leipzig,Eintracht Frankfurt,,,,565815,01cb7a67c8ae71201ec27297455fc0e8,1xBet,spreads,-1.5,2.33,1.5,1.71,MATCHED
Bundesliga,2026-10-10,TIMED,5,RB Leipzig,Eintracht Frankfurt,,,,565815,01cb7a67c8ae71201ec27297455fc0e8,Coolbet,spreads,-1.0,1.81,1.0,2.05,MATCHED
Bundesliga,2026-10-10,TIMED,5,RB Leipzig,Eintracht Frankfurt,,,,565815,01cb7a67c8ae71201ec27297455fc0e8,Matchbook,spreads,-1.0,1.86,1.0,2.02,MATCHED
Bundesliga,2026-10-10,TIMED,5,RB Leipzig,Eintracht Frankfurt,,,,565815,01cb7a67c8ae71201ec27297455fc0e8,GTbets,spreads,-1.5,2.28,1.5,1.61,MATCHED
Bundesliga,2026-10-10,TIMED,5,RB Leipzig,Eintracht Frankfurt,,,,565815,01cb7a67c8ae71201ec27297455fc0e8,BetOnline.ag,spreads,-1.0,1.81,1.0,2.02,MATCHED
Bundesliga,2026-10-11,TIMED,5,1. FC Köln,Borussia Mönchengladbach,,,,565814,,,,,,,,NO_ODDS_MATCH
Bundesliga,2026-10-11,TIMED,5,SC Freiburg,FC Schalke 04,,,,565816,eaf509fb37413b7d055cd394667792b3,Pinnacle,spreads,-0.75,1.85,0.75,2.07,MATCHED
Bundesliga,2026-10-11,TIMED,5,SC Freiburg,FC Schalke 04,,,,565816,eaf509fb37413b7d055cd394667792b3,1xBet,spreads,-1.5,2.68,1.5,1.56,MATCHED
Bundesliga,2026-10-11,TIMED,5,SC Freiburg,FC Schalke 04,,,,565816,eaf509fb37413b7d055cd394667792b3,Coolbet,spreads,-1.0,2.1,1.0,1.78,MATCHED
Bundesliga,2026-10-11,TIMED,5,SC Freiburg,FC Schalke 04,,,,565816,eaf509fb37413b7d055cd394667792b3,Matchbook,spreads,-0.75,1.83,0.75,2.06,MATCHED
Bundesliga,2026-10-11,TIMED,5,SC Freiburg,FC Schalke 04,,,,565816,eaf509fb37413b7d055cd394667792b3,GTbets,spreads,-1.5,2.59,1.5,1.49,MATCHED
Bundesliga,2026-10-11,TIMED,5,SC Freiburg,FC Schalke 04,,,,565816,eaf509fb37413b7d055cd394667792b3,BetOnline.ag,spreads,-1.0,2.1,1.0,1.75,MATCHED
Bundesliga,2026-10-16,TIMED,6,Eintracht Frankfurt,1. FC Köln,,,,565828,947bd5d924835af090d9cdc7bbdf10f6,Pinnacle,spreads,-0.5,1.89,0.5,1.96,MATCHED
Bundesliga,2026-10-16,TIMED,6,Eintracht Frankfurt,1. FC Köln,,,,565828,947bd5d924835af090d9cdc7bbdf10f6,1xBet,spreads,0.0,1.55,0.0,2.71,MATCHED
Bundesliga,2026-10-17,TIMED,6,1. FC Union Berlin,Borussia Dortmund,,,,565821,,,,,,,,NO_ODDS_MATCH
Bundesliga,2026-10-17,TIMED,6,Hamburger SV,VfB Stuttgart,,,,565822,221916b8b36706ec52aa655a64e5f1d2,Pinnacle,spreads,0.5,2.03,-0.5,1.83,MATCHED
Bundesliga,2026-10-17,TIMED,6,Hamburger SV,VfB Stuttgart,,,,565822,221916b8b36706ec52aa655a64e5f1d2,1xBet,spreads,1.5,1.45,-1.5,3.08,MATCHED
Bundesliga,2026-10-17,TIMED,6,SV Werder Bremen,SC Paderborn 07,,,,565823,,,,,,,,NO_ODDS_MATCH
Bundesliga,2026-10-17,TIMED,6,SV 07 Elversberg,FC Augsburg,,,,565824,,,,,,,,NO_ODDS_MATCH
Bundesliga,2026-10-17,TIMED,6,FC Schalke 04,1. FSV Mainz 05,,,,565829,,,,,,,,NO_ODDS_MATCH
Bundesliga,2026-10-17,TIMED,6,FC Bayern München,RB Leipzig,,,,565825,,,,,,,,NO_ODDS_MATCH
Bundesliga,2026-10-18,TIMED,6,Bayer 04 Leverkusen,SC Freiburg,,,,565827,,,,,,,,NO_ODDS_MATCH
Bundesliga,2026-10-18,TIMED,6,Borussia Mönchengladbach,TSG 1899 Hoffenheim,,,,565826,,,,,,,,NO_ODDS_MATCH
Bundesliga,2026-10-23,TIMED,7,VfB Stuttgart,Borussia Mönchengladbach,,,,565833,,,,,,,,NO_ODDS_MATCH
Bundesliga,2026-10-24,TIMED,7,1. FSV Mainz 05,SV Werder Bremen,,,,565830,,,,,,,,NO_ODDS_MATCH
Bundesliga,2026-10-24,TIMED,7,1. FC Köln,FC Schalke 04,,,,565831,,,,,,,,NO_ODDS_MATCH
Bundesliga,2026-10-24,TIMED,7,RB Leipzig,SV 07 Elversberg,,,,565832,,,,,,,,NO_ODDS_MATCH
Bundesliga,2026-10-24,TIMED,7,SC Paderborn 07,Hamburger SV,,,,565834,,,,,,,,NO_ODDS_MATCH
Bundesliga,2026-10-24,TIMED,7,FC Augsburg,1. FC Union Berlin,,,,565838,,,,,,,,NO_ODDS_MATCH
Bundesliga,2026-10-24,TIMED,7,Borussia Dortmund,Eintracht Frankfurt,,,,565837,,,,,,,,NO_ODDS_MATCH
Bundesliga,2026-10-25,TIMED,7,TSG 1899 Hoffenheim,Bayer 04 Leverkusen,,,,565835,,,,,,,,NO_ODDS_MATCH
Bundesliga,2026-10-25,TIMED,7,SC Freiburg,FC Bayern München,,,,565836,,,,,,,,NO_ODDS_MATCH
Bundesliga,2026-10-30,TIMED,8,SV 07 Elversberg,1. FSV Mainz 05,,,,565846,,,,,,,,NO_ODDS_MATCH
Bundesliga,2026-10-31,TIMED,8,Borussia Mönchengladbach,SC Paderborn 07,,,,565839,,,,,,,,NO_ODDS_MATCH
Bundesliga,2026-10-31,TIMED,8,FC Schalke 04,RB Leipzig,,,,565840,,,,,,,,NO_ODDS_MATCH
Bundesliga,2026-10-31,TIMED,8,FC Augsburg,SC Freiburg,,,,565842,,,,,,,,NO_ODDS_MATCH
Bundesliga,2026-10-31,TIMED,8,SV Werder Bremen,TSG 1899 Hoffenheim,,,,565843,,,,,,,,NO_ODDS_MATCH
Bundesliga,2026-10-31,TIMED,8,Bayer 04 Leverkusen,VfB Stuttgart,,,,565847,,,,,,,,NO_ODDS_MATCH
Bundesliga,2026-10-31,TIMED,8,FC Bayern München,Borussia Dortmund,,,,565845,,,,,,,,NO_ODDS_MATCH
Bundesliga,2026-11-01,TIMED,8,1. FC Union Berlin,1. FC Köln,,,,565841,,,,,,,,NO_ODDS_MATCH
Bundesliga,2026-11-01,TIMED,8,Eintracht Frankfurt,Hamburger SV,,,,565844,,,,,,,,NO_ODDS_MATCH
Bundesliga,2026-11-06,TIMED,9,Hamburger SV,Borussia Mönchengladbach,,,,565852,,,,,,,,NO_ODDS_MATCH
Bundesliga,2026-11-07,TIMED,9,RB Leipzig,FC Augsburg,,,,565848,,,,,,,,NO_ODDS_MATCH
Bundesliga,2026-11-07,TIMED,9,Borussia Dortmund,SV 07 Elversberg,,,,565850,,,,,,,,NO_ODDS_MATCH
Bundesliga,2026-11-07,TIMED,9,1. FSV Mainz 05,FC Bayern München,,,,565851,,,,,,,,NO_ODDS_MATCH
Bundesliga,2026-11-07,TIMED,9,SC Paderborn 07,Eintracht Frankfurt,,,,565853,,,,,,,,NO_ODDS_MATCH
Bundesliga,2026-11-07,TIMED,9,VfB Stuttgart,SV Werder Bremen,,,,565849,,,,,,,,NO_ODDS_MATCH
Bundesliga,2026-11-08,TIMED,9,1. FC Köln,Bayer 04 Leverkusen,,,,565855,,,,,,,,NO_ODDS_MATCH
Bundesliga,2026-11-08,TIMED,9,SC Freiburg,1. FC Union Berlin,,,,565854,,,,,,,,NO_ODDS_MATCH
Bundesliga,2026-11-08,TIMED,9,TSG 1899 Hoffenheim,FC Schalke 04,,,,565856,,,,,,,,NO_ODDS_MATCH
Bundesliga,2026-11-20,TIMED,10,FC Bayern München,1. FC Köln,,,,565859,,,,,,,,NO_ODDS_MATCH
Bundesliga,2026-11-21,TIMED,10,Bayer 04 Leverkusen,SC Paderborn 07,,,,565857,,,,,,,,NO_ODDS_MATCH
Bundesliga,2026-11-21,TIMED,10,1. FC Union Berlin,RB Leipzig,,,,565858,,,,,,,,NO_ODDS_MATCH
Bundesliga,2026-11-21,TIMED,10,SV 07 Elversberg,SC Freiburg,,,,565860,,,,,,,,NO_ODDS_MATCH
Bundesliga,2026-11-21,TIMED,10,Borussia Mönchengladbach,Borussia Dortmund,,,,565862,,,,,,,,NO_ODDS_MATCH
Bundesliga,2026-11-21,TIMED,10,Eintracht Frankfurt,TSG 1899 Hoffenheim,,,,565865,,,,,,,,NO_ODDS_MATCH
Bundesliga,2026-11-21,TIMED,10,FC Schalke 04,VfB Stuttgart,,,,565861,,,,,,,,NO_ODDS_MATCH
Bundesliga,2026-11-22,TIMED,10,FC Augsburg,1. FSV Mainz 05,,,,565864,,,,,,,,NO_ODDS_MATCH
Bundesliga,2026-11-22,TIMED,10,SV Werder Bremen,Hamburger SV,,,,565863,,,,,,,,NO_ODDS_MATCH
Bundesliga,2026-11-27,TIMED,11,SV Werder Bremen,Borussia Mönchengladbach,,,,565869,,,,,,,,NO_ODDS_MATCH
Bundesliga,2026-11-28,TIMED,11,1. FC Köln,SV 07 Elversberg,,,,565866,,,,,,,,NO_ODDS_MATCH
Bundesliga,2026-11-28,TIMED,11,1. FSV Mainz 05,1. FC Union Berlin,,,,565867,,,,,,,,NO_ODDS_MATCH
Bundesliga,2026-11-28,TIMED,11,SC Paderborn 07,FC Schalke 04,,,,565868,,,,,,,,NO_ODDS_MATCH
Bundesliga,2026-11-28,TIMED,11,Hamburger SV,FC Bayern München,,,,565874,,,,,,,,NO_ODDS_MATCH
Bundesliga,2026-11-28,TIMED,11,VfB Stuttgart,Eintracht Frankfurt,,,,565870,,,,,,,,NO_ODDS_MATCH
Bundesliga,2026-11-29,TIMED,11,SC Freiburg,RB Leipzig,,,,565873,,,,,,,,NO_ODDS_MATCH
Bundesliga,2026-11-29,TIMED,11,TSG 1899 Hoffenheim,FC Augsburg,,,,565871,,,,,,,,NO_ODDS_MATCH
Bundesliga,2026-11-29,TIMED,11,Borussia Dortmund,Bayer 04 Leverkusen,,,,565872,,,,,,,,NO_ODDS_MATCH
Bundesliga,2026-12-05,SCHEDULED,12,1. FC Union Berlin,Hamburger SV,,,,565875,,,,,,,,NO_ODDS_MATCH
Bundesliga,2026-12-05,SCHEDULED,12,FC Schalke 04,Borussia Dortmund,,,,565876,,,,,,,,NO_ODDS_MATCH
Bundesliga,2026-12-05,SCHEDULED,12,Bayer 04 Leverkusen,Borussia Mönchengladbach,,,,565877,,,,,,,,NO_ODDS_MATCH
Bundesliga,2026-12-05,SCHEDULED,12,Eintracht Frankfurt,SV Werder Bremen,,,,565878,,,,,,,,NO_ODDS_MATCH
Bundesliga,2026-12-05,SCHEDULED,12,RB Leipzig,1. FSV Mainz 05,,,,565879,,,,,,,,NO_ODDS_MATCH
Bundesliga,2026-12-05,SCHEDULED,12,SV 07 Elversberg,VfB Stuttgart,,,,565880,,,,,,,,NO_ODDS_MATCH
Bundesliga,2026-12-05,SCHEDULED,12,SC Freiburg,TSG 1899 Hoffenheim,,,,565881,,,,,,,,NO_ODDS_MATCH
Bundesliga,2026-12-05,SCHEDULED,12,FC Bayern München,SC Paderborn 07,,,,565882,,,,,,,,NO_ODDS_MATCH
Bundesliga,2026-12-05,SCHEDULED,12,FC Augsburg,1. FC Köln,,,,565883,,,,,,,,NO_ODDS_MATCH
Bundesliga,2026-12-12,SCHEDULED,13,SC Paderborn 07,SV 07 Elversberg,,,,565884,,,,,,,,NO_ODDS_MATCH
Bundesliga,2026-12-12,SCHEDULED,13,SV Werder Bremen,Bayer 04 Leverkusen,,,,565885,,,,,,,,NO_ODDS_MATCH
Bundesliga,2026-12-12,SCHEDULED,13,VfB Stuttgart,1. FC Union Berlin,,,,565886,,,,,,,,NO_ODDS_MATCH
Bundesliga,2026-12-12,SCHEDULED,13,Borussia Dortmund,FC Augsburg,,,,565887,,,,,,,,NO_ODDS_MATCH
Bundesliga,2026-12-12,SCHEDULED,13,Hamburger SV,FC Schalke 04,,,,565888,,,,,,,,NO_ODDS_MATCH
Bundesliga,2026-12-12,SCHEDULED,13,1. FSV Mainz 05,SC Freiburg,,,,565889,,,,,,,,NO_ODDS_MATCH
Bundesliga,2026-12-12,SCHEDULED,13,1. FC Köln,RB Leipzig,,,,565890,,,,,,,,NO_ODDS_MATCH
Bundesliga,2026-12-12,SCHEDULED,13,TSG 1899 Hoffenheim,FC Bayern München,,,,565891,,,,,,,,NO_ODDS_MATCH
Bundesliga,2026-12-12,SCHEDULED,13,Borussia Mönchengladbach,Eintracht Frankfurt,,,,565892,,,,,,,,NO_ODDS_MATCH
Bundesliga,2026-12-19,SCHEDULED,14,FC Schalke 04,Borussia Mönchengladbach,,,,565893,,,,,,,,NO_ODDS_MATCH
Bundesliga,2026-12-19,SCHEDULED,14,FC Bayern München,SV Werder Bremen,,,,565894,,,,,,,,NO_ODDS_MATCH
Bundesliga,2026-12-19,SCHEDULED,14,SV 07 Elversberg,Hamburger SV,,,,565895,,,,,,,,NO_ODDS_MATCH
Bundesliga,2026-12-19,SCHEDULED,14,Bayer 04 Leverkusen,Eintracht Frankfurt,,,,565896,,,,,,,,NO_ODDS_MATCH
Bundesliga,2026-12-19,SCHEDULED,14,SC Freiburg,VfB Stuttgart,,,,565897,,,,,,,,NO_ODDS_MATCH
Bundesliga,2026-12-19,SCHEDULED,14,RB Leipzig,Borussia Dortmund,,,,565898,,,,,,,,NO_ODDS_MATCH
Bundesliga,2026-12-19,SCHEDULED,14,1. FSV Mainz 05,1. FC Köln,,,,565899,,,,,,,,NO_ODDS_MATCH
Bundesliga,2026-12-19,SCHEDULED,14,1. FC Union Berlin,TSG 1899 Hoffenheim,,,,565900,,,,,,,,NO_ODDS_MATCH
Bundesliga,2026-12-19,SCHEDULED,14,FC Augsburg,SC Paderborn 07,,,,565901,,,,,,,,NO_ODDS_MATCH
Bundesliga,2027-01-09,SCHEDULED,15,VfB Stuttgart,FC Augsburg,,,,565902,,,,,,,,NO_ODDS_MATCH
Bundesliga,2027-01-09,SCHEDULED,15,Hamburger SV,Bayer 04 Leverkusen,,,,565903,,,,,,,,NO_ODDS_MATCH
Bundesliga,2027-01-09,SCHEDULED,15,1. FC Köln,SC Freiburg,,,,565904,,,,,,,,NO_ODDS_MATCH
Bundesliga,2027-01-09,SCHEDULED,15,Eintracht Frankfurt,FC Schalke 04,,,,565905,,,,,,,,NO_ODDS_MATCH
Bundesliga,2027-01-09,SCHEDULED,15,TSG 1899 Hoffenheim,SV 07 Elversberg,,,,565906,,,,,,,,NO_ODDS_MATCH
Bundesliga,2027-01-09,SCHEDULED,15,Borussia Mönchengladbach,FC Bayern München,,,,565907,,,,,,,,NO_ODDS_MATCH
Bundesliga,2027-01-09,SCHEDULED,15,Borussia Dortmund,1. FSV Mainz 05,,,,565908,,,,,,,,NO_ODDS_MATCH
Bundesliga,2027-01-09,SCHEDULED,15,SV Werder Bremen,1. FC Union Berlin,,,,565909,,,,,,,,NO_ODDS_MATCH
Bundesliga,2027-01-09,SCHEDULED,15,SC Paderborn 07,RB Leipzig,,,,565910,,,,,,,,NO_ODDS_MATCH
Bundesliga,2027-01-13,SCHEDULED,16,1. FSV Mainz 05,TSG 1899 Hoffenheim,,,,565911,,,,,,,,NO_ODDS_MATCH
Bundesliga,2027-01-13,SCHEDULED,16,SC Freiburg,Hamburger SV,,,,565912,,,,,,,,NO_ODDS_MATCH
Bundesliga,2027-01-13,SCHEDULED,16,FC Schalke 04,SV Werder Bremen,,,,565913,,,,,,,,NO_ODDS_MATCH
Bundesliga,2027-01-13,SCHEDULED,16,RB Leipzig,VfB Stuttgart,,,,565914,,,,,,,,NO_ODDS_MATCH
Bundesliga,2027-01-13,SCHEDULED,16,1. FC Union Berlin,SC Paderborn 07,,,,565915,,,,,,,,NO_ODDS_MATCH
Bundesliga,2027-01-13,SCHEDULED,16,FC Bayern München,Bayer 04 Leverkusen,,,,565916,,,,,,,,NO_ODDS_MATCH
Bundesliga,2027-01-13,SCHEDULED,16,FC Augsburg,Borussia Mönchengladbach,,,,565917,,,,,,,,NO_ODDS_MATCH
Bundesliga,2027-01-13,SCHEDULED,16,SV 07 Elversberg,Eintracht Frankfurt,,,,565918,,,,,,,,NO_ODDS_MATCH
Bundesliga,2027-01-13,SCHEDULED,16,1. FC Köln,Borussia Dortmund,,,,565919,,,,,,,,NO_ODDS_MATCH
Bundesliga,2027-01-16,SCHEDULED,17,SV Werder Bremen,SV 07 Elversberg,,,,565920,,,,,,,,NO_ODDS_MATCH
Bundesliga,2027-01-16,SCHEDULED,17,Eintracht Frankfurt,FC Bayern München,,,,565921,,,,,,,,NO_ODDS_MATCH
Bundesliga,2027-01-16,SCHEDULED,17,SC Paderborn 07,1. FC Köln,,,,565922,,,,,,,,NO_ODDS_MATCH
Bundesliga,2027-01-16,SCHEDULED,17,TSG 1899 Hoffenheim,RB Leipzig,,,,565923,,,,,,,,NO_ODDS_MATCH
Bundesliga,2027-01-16,SCHEDULED,17,Bayer 04 Leverkusen,FC Schalke 04,,,,565924,,,,,,,,NO_ODDS_MATCH
Bundesliga,2027-01-16,SCHEDULED,17,VfB Stuttgart,1. FSV Mainz 05,,,,565925,,,,,,,,NO_ODDS_MATCH
Bundesliga,2027-01-16,SCHEDULED,17,Hamburger SV,FC Augsburg,,,,565926,,,,,,,,NO_ODDS_MATCH
Bundesliga,2027-01-16,SCHEDULED,17,Borussia Mönchengladbach,1. FC Union Berlin,,,,565927,,,,,,,,NO_ODDS_MATCH
Bundesliga,2027-01-16,SCHEDULED,17,Borussia Dortmund,SC Freiburg,,,,565928,,,,,,,,NO_ODDS_MATCH
Bundesliga,2027-01-23,SCHEDULED,18,SV Werder Bremen,SC Freiburg,,,,565929,,,,,,,,NO_ODDS_MATCH
Bundesliga,2027-01-23,SCHEDULED,18,Hamburger SV,Borussia Dortmund,,,,565930,,,,,,,,NO_ODDS_MATCH
Bundesliga,2027-01-23,SCHEDULED,18,SC Paderborn 07,1. FSV Mainz 05,,,,565931,,,,,,,,NO_ODDS_MATCH
Bundesliga,2027-01-23,SCHEDULED,18,FC Schalke 04,FC Augsburg,,,,565932,,,,,,,,NO_ODDS_MATCH
Bundesliga,2027-01-23,SCHEDULED,18,TSG 1899 Hoffenheim,1. FC Köln,,,,565933,,,,,,,,NO_ODDS_MATCH
Bundesliga,2027-01-23,SCHEDULED,18,VfB Stuttgart,FC Bayern München,,,,565934,,,,,,,,NO_ODDS_MATCH
Bundesliga,2027-01-23,SCHEDULED,18,Borussia Mönchengladbach,RB Leipzig,,,,565935,,,,,,,,NO_ODDS_MATCH
Bundesliga,2027-01-23,SCHEDULED,18,Eintracht Frankfurt,1. FC Union Berlin,,,,565936,,,,,,,,NO_ODDS_MATCH
Bundesliga,2027-01-23,SCHEDULED,18,Bayer 04 Leverkusen,SV 07 Elversberg,,,,565937,,,,,,,,NO_ODDS_MATCH
Bundesliga,2027-01-30,SCHEDULED,19,SV 07 Elversberg,Borussia Mönchengladbach,,,,565938,,,,,,,,NO_ODDS_MATCH
Bundesliga,2027-01-30,SCHEDULED,19,FC Augsburg,Eintracht Frankfurt,,,,565939,,,,,,,,NO_ODDS_MATCH
Bundesliga,2027-01-30,SCHEDULED,19,1. FSV Mainz 05,Hamburger SV,,,,565940,,,,,,,,NO_ODDS_MATCH
Bundesliga,2027-01-30,SCHEDULED,19,RB Leipzig,SV Werder Bremen,,,,565941,,,,,,,,NO_ODDS_MATCH
Bundesliga,2027-01-30,SCHEDULED,19,1. FC Köln,VfB Stuttgart,,,,565942,,,,,,,,NO_ODDS_MATCH
Bundesliga,2027-01-30,SCHEDULED,19,1. FC Union Berlin,Bayer 04 Leverkusen,,,,565943,,,,,,,,NO_ODDS_MATCH
Bundesliga,2027-01-30,SCHEDULED,19,SC Freiburg,SC Paderborn 07,,,,565944,,,,,,,,NO_ODDS_MATCH
Bundesliga,2027-01-30,SCHEDULED,19,Borussia Dortmund,TSG 1899 Hoffenheim,,,,565945,,,,,,,,NO_ODDS_MATCH
Bundesliga,2027-01-30,SCHEDULED,19,FC Bayern München,FC Schalke 04,,,,565946,,,,,,,,NO_ODDS_MATCH
Bundesliga,2027-02-06,SCHEDULED,20,Eintracht Frankfurt,1. FSV Mainz 05,,,,565947,,,,,,,,NO_ODDS_MATCH
Bundesliga,2027-02-06,SCHEDULED,20,Borussia Mönchengladbach,SC Freiburg,,,,565948,,,,,,,,NO_ODDS_MATCH
Bundesliga,2027-02-06,SCHEDULED,20,FC Schalke 04,1. FC Union Berlin,,,,565949,,,,,,,,NO_ODDS_MATCH
Bundesliga,2027-02-06,SCHEDULED,20,Hamburger SV,RB Leipzig,,,,565950,,,,,,,,NO_ODDS_MATCH
Bundesliga,2027-02-06,SCHEDULED,20,Bayer 04 Leverkusen,FC Augsburg,,,,565951,,,,,,,,NO_ODDS_MATCH
Bundesliga,2027-02-06,SCHEDULED,20,SV Werder Bremen,1. FC Köln,,,,565952,,,,,,,,NO_ODDS_MATCH
Bundesliga,2027-02-06,SCHEDULED,20,VfB Stuttgart,TSG 1899 Hoffenheim,,,,565953,,,,,,,,NO_ODDS_MATCH
Bundesliga,2027-02-06,SCHEDULED,20,FC Bayern München,SV 07 Elversberg,,,,565954,,,,,,,,NO_ODDS_MATCH
Bundesliga,2027-02-06,SCHEDULED,20,SC Paderborn 07,Borussia Dortmund,,,,565955,,,,,,,,NO_ODDS_MATCH
Bundesliga,2027-02-13,SCHEDULED,21,1. FC Köln,Hamburger SV,,,,565956,,,,,,,,NO_ODDS_MATCH
Bundesliga,2027-02-13,SCHEDULED,21,1. FSV Mainz 05,Borussia Mönchengladbach,,,,565957,,,,,,,,NO_ODDS_MATCH
Bundesliga,2027-02-13,SCHEDULED,21,1. FC Union Berlin,FC Bayern München,,,,565958,,,,,,,,NO_ODDS_MATCH
Bundesliga,2027-02-13,SCHEDULED,21,SV 07 Elversberg,FC Schalke 04,,,,565959,,,,,,,,NO_ODDS_MATCH
Bundesliga,2027-02-13,SCHEDULED,21,Borussia Dortmund,VfB Stuttgart,,,,565960,,,,,,,,NO_ODDS_MATCH
Bundesliga,2027-02-13,SCHEDULED,21,TSG 1899 Hoffenheim,SC Paderborn 07,,,,565961,,,,,,,,NO_ODDS_MATCH
Bundesliga,2027-02-13,SCHEDULED,21,SC Freiburg,Eintracht Frankfurt,,,,565962,,,,,,,,NO_ODDS_MATCH
Bundesliga,2027-02-13,SCHEDULED,21,FC Augsburg,SV Werder Bremen,,,,565963,,,,,,,,NO_ODDS_MATCH
Bundesliga,2027-02-13,SCHEDULED,21,RB Leipzig,Bayer 04 Leverkusen,,,,565964,,,,,,,,NO_ODDS_MATCH
Bundesliga,2027-02-20,SCHEDULED,22,FC Schalke 04,SC Freiburg,,,,565965,,,,,,,,NO_ODDS_MATCH
Bundesliga,2027-02-20,SCHEDULED,22,VfB Stuttgart,SC Paderborn 07,,,,565966,,,,,,,,NO_ODDS_MATCH
Bundesliga,2027-02-20,SCHEDULED,22,Borussia Mönchengladbach,1. FC Köln,,,,565967,,,,,,,,NO_ODDS_MATCH
Bundesliga,2027-02-20,SCHEDULED,22,SV Werder Bremen,Borussia Dortmund,,,,565968,,,,,,,,NO_ODDS_MATCH
Bundesliga,2027-02-20,SCHEDULED,22,Hamburger SV,TSG 1899 Hoffenheim,,,,565969,,,,,,,,NO_ODDS_MATCH
Bundesliga,2027-02-20,SCHEDULED,22,Bayer 04 Leverkusen,1. FSV Mainz 05,,,,565970,,,,,,,,NO_ODDS_MATCH
Bundesliga,2027-02-20,SCHEDULED,22,Eintracht Frankfurt,RB Leipzig,,,,565971,,,,,,,,NO_ODDS_MATCH
Bundesliga,2027-02-20,SCHEDULED,22,FC Bayern München,FC Augsburg,,,,565972,,,,,,,,NO_ODDS_MATCH
Bundesliga,2027-02-20,SCHEDULED,22,SV 07 Elversberg,1. FC Union Berlin,,,,565973,,,,,,,,NO_ODDS_MATCH
Bundesliga,2027-02-27,SCHEDULED,23,VfB Stuttgart,Hamburger SV,,,,565974,,,,,,,,NO_ODDS_MATCH
Bundesliga,2027-02-27,SCHEDULED,23,1. FC Köln,Eintracht Frankfurt,,,,565975,,,,,,,,NO_ODDS_MATCH
Bundesliga,2027-02-27,SCHEDULED,23,SC Freiburg,Bayer 04 Leverkusen,,,,565976,,,,,,,,NO_ODDS_MATCH
Bundesliga,2027-02-27,SCHEDULED,23,FC Augsburg,SV 07 Elversberg,,,,565977,,,,,,,,NO_ODDS_MATCH
Bundesliga,2027-02-27,SCHEDULED,23,1. FSV Mainz 05,FC Schalke 04,,,,565978,,,,,,,,NO_ODDS_MATCH
Bundesliga,2027-02-27,SCHEDULED,23,TSG 1899 Hoffenheim,Borussia Mönchengladbach,,,,565979,,,,,,,,NO_ODDS_MATCH
Bundesliga,2027-02-27,SCHEDULED,23,SC Paderborn 07,SV Werder Bremen,,,,565980,,,,,,,,NO_ODDS_MATCH
Bundesliga,2027-02-27,SCHEDULED,23,RB Leipzig,FC Bayern München,,,,565981,,,,,,,,NO_ODDS_MATCH
Bundesliga,2027-02-27,SCHEDULED,23,Borussia Dortmund,1. FC Union Berlin,,,,565982,,,,,,,,NO_ODDS_MATCH
Bundesliga,2027-03-03,SCHEDULED,24,Eintracht Frankfurt,Borussia Dortmund,,,,565983,,,,,,,,NO_ODDS_MATCH
Bundesliga,2027-03-03,SCHEDULED,24,FC Schalke 04,1. FC Köln,,,,565984,,,,,,,,NO_ODDS_MATCH
Bundesliga,2027-03-03,SCHEDULED,24,Bayer 04 Leverkusen,TSG 1899 Hoffenheim,,,,565985,,,,,,,,NO_ODDS_MATCH
Bundesliga,2027-03-03,SCHEDULED,24,FC Bayern München,SC Freiburg,,,,565986,,,,,,,,NO_ODDS_MATCH
Bundesliga,2027-03-03,SCHEDULED,24,SV Werder Bremen,1. FSV Mainz 05,,,,565987,,,,,,,,NO_ODDS_MATCH
Bundesliga,2027-03-03,SCHEDULED,24,1. FC Union Berlin,FC Augsburg,,,,565988,,,,,,,,NO_ODDS_MATCH
Bundesliga,2027-03-03,SCHEDULED,24,SV 07 Elversberg,RB Leipzig,,,,565989,,,,,,,,NO_ODDS_MATCH
Bundesliga,2027-03-03,SCHEDULED,24,Borussia Mönchengladbach,VfB Stuttgart,,,,565990,,,,,,,,NO_ODDS_MATCH
Bundesliga,2027-03-03,SCHEDULED,24,Hamburger SV,SC Paderborn 07,,,,565991,,,,,,,,NO_ODDS_MATCH
Bundesliga,2027-03-06,SCHEDULED,25,Borussia Dortmund,FC Bayern München,,,,565992,,,,,,,,NO_ODDS_MATCH
Bundesliga,2027-03-06,SCHEDULED,25,SC Freiburg,FC Augsburg,,,,565993,,,,,,,,NO_ODDS_MATCH
Bundesliga,2027-03-06,SCHEDULED,25,1. FSV Mainz 05,SV 07 Elversberg,,,,565994,,,,,,,,NO_ODDS_MATCH
Bundesliga,2027-03-06,SCHEDULED,25,Hamburger SV,Eintracht Frankfurt,,,,565995,,,,,,,,NO_ODDS_MATCH
Bundesliga,2027-03-06,SCHEDULED,25,VfB Stuttgart,Bayer 04 Leverkusen,,,,565996,,,,,,,,NO_ODDS_MATCH
Bundesliga,2027-03-06,SCHEDULED,25,RB Leipzig,FC Schalke 04,,,,565997,,,,,,,,NO_ODDS_MATCH
Bundesliga,2027-03-06,SCHEDULED,25,SC Paderborn 07,Borussia Mönchengladbach,,,,565998,,,,,,,,NO_ODDS_MATCH
Bundesliga,2027-03-06,SCHEDULED,25,1. FC Köln,1. FC Union Berlin,,,,565999,,,,,,,,NO_ODDS_MATCH
Bundesliga,2027-03-06,SCHEDULED,25,TSG 1899 Hoffenheim,SV Werder Bremen,,,,566000,,,,,,,,NO_ODDS_MATCH
Bundesliga,2027-03-13,SCHEDULED,26,1. FC Union Berlin,SC Freiburg,,,,566001,,,,,,,,NO_ODDS_MATCH
Bundesliga,2027-03-13,SCHEDULED,26,SV 07 Elversberg,Borussia Dortmund,,,,566002,,,,,,,,NO_ODDS_MATCH
Bundesliga,2027-03-13,SCHEDULED,26,Eintracht Frankfurt,SC Paderborn 07,,,,566003,,,,,,,,NO_ODDS_MATCH
Bundesliga,2027-03-13,SCHEDULED,26,FC Augsburg,RB Leipzig,,,,566004,,,,,,,,NO_ODDS_MATCH
Bundesliga,2027-03-13,SCHEDULED,26,Borussia Mönchengladbach,Hamburger SV,,,,566005,,,,,,,,NO_ODDS_MATCH
Bundesliga,2027-03-13,SCHEDULED,26,SV Werder Bremen,VfB Stuttgart,,,,566006,,,,,,,,NO_ODDS_MATCH
Bundesliga,2027-03-13,SCHEDULED,26,FC Schalke 04,TSG 1899 Hoffenheim,,,,566007,,,,,,,,NO_ODDS_MATCH
Bundesliga,2027-03-13,SCHEDULED,26,FC Bayern München,1. FSV Mainz 05,,,,566008,,,,,,,,NO_ODDS_MATCH
Bundesliga,2027-03-13,SCHEDULED,26,Bayer 04 Leverkusen,1. FC Köln,,,,566009,,,,,,,,NO_ODDS_MATCH
Bundesliga,2027-03-20,SCHEDULED,27,1. FC Köln,FC Bayern München,,,,566016,,,,,,,,NO_ODDS_MATCH
Bundesliga,2027-03-20,SCHEDULED,27,TSG 1899 Hoffenheim,Eintracht Frankfurt,,,,566017,,,,,,,,NO_ODDS_MATCH
Bundesliga,2027-03-20,SCHEDULED,27,Borussia Dortmund,Borussia Mönchengladbach,,,,566018,,,,,,,,NO_ODDS_MATCH
Bundesliga,2027-03-20,SCHEDULED,27,1. FSV Mainz 05,FC Augsburg,,,,566010,,,,,,,,NO_ODDS_MATCH
Bundesliga,2027-03-20,SCHEDULED,27,VfB Stuttgart,FC Schalke 04,,,,566011,,,,,,,,NO_ODDS_MATCH
Bundesliga,2027-03-20,SCHEDULED,27,RB Leipzig,1. FC Union Berlin,,,,566012,,,,,,,,NO_ODDS_MATCH
Bundesliga,2027-03-20,SCHEDULED,27,SC Freiburg,SV 07 Elversberg,,,,566013,,,,,,,,NO_ODDS_MATCH
Bundesliga,2027-03-20,SCHEDULED,27,Hamburger SV,SV Werder Bremen,,,,566014,,,,,,,,NO_ODDS_MATCH
Bundesliga,2027-03-20,SCHEDULED,27,SC Paderborn 07,Bayer 04 Leverkusen,,,,566015,,,,,,,,NO_ODDS_MATCH
Bundesliga,2027-04-03,SCHEDULED,28,RB Leipzig,SC Freiburg,,,,566019,,,,,,,,NO_ODDS_MATCH
Bundesliga,2027-04-03,SCHEDULED,28,SV 07 Elversberg,1. FC Köln,,,,566020,,,,,,,,NO_ODDS_MATCH
Bundesliga,2027-04-03,SCHEDULED,28,FC Bayern München,Hamburger SV,,,,566021,,,,,,,,NO_ODDS_MATCH
Bundesliga,2027-04-03,SCHEDULED,28,FC Augsburg,TSG 1899 Hoffenheim,,,,566022,,,,,,,,NO_ODDS_MATCH
Bundesliga,2027-04-03,SCHEDULED,28,Borussia Mönchengladbach,SV Werder Bremen,,,,566023,,,,,,,,NO_ODDS_MATCH
Bundesliga,2027-04-03,SCHEDULED,28,Eintracht Frankfurt,VfB Stuttgart,,,,566024,,,,,,,,NO_ODDS_MATCH
Bundesliga,2027-04-03,SCHEDULED,28,1. FC Union Berlin,1. FSV Mainz 05,,,,566025,,,,,,,,NO_ODDS_MATCH
Bundesliga,2027-04-03,SCHEDULED,28,Bayer 04 Leverkusen,Borussia Dortmund,,,,566026,,,,,,,,NO_ODDS_MATCH
Bundesliga,2027-04-03,SCHEDULED,28,FC Schalke 04,SC Paderborn 07,,,,566027,,,,,,,,NO_ODDS_MATCH
Bundesliga,2027-04-10,SCHEDULED,29,VfB Stuttgart,SV 07 Elversberg,,,,566028,,,,,,,,NO_ODDS_MATCH
Bundesliga,2027-04-10,SCHEDULED,29,SC Paderborn 07,FC Bayern München,,,,566029,,,,,,,,NO_ODDS_MATCH
Bundesliga,2027-04-10,SCHEDULED,29,TSG 1899 Hoffenheim,SC Freiburg,,,,566030,,,,,,,,NO_ODDS_MATCH
Bundesliga,2027-04-10,SCHEDULED,29,1. FSV Mainz 05,RB Leipzig,,,,566031,,,,,,,,NO_ODDS_MATCH
Bundesliga,2027-04-10,SCHEDULED,29,SV Werder Bremen,Eintracht Frankfurt,,,,566032,,,,,,,,NO_ODDS_MATCH
Bundesliga,2027-04-10,SCHEDULED,29,Borussia Dortmund,FC Schalke 04,,,,566033,,,,,,,,NO_ODDS_MATCH
Bundesliga,2027-04-10,SCHEDULED,29,Hamburger SV,1. FC Union Berlin,,,,566034,,,,,,,,NO_ODDS_MATCH
Bundesliga,2027-04-10,SCHEDULED,29,Borussia Mönchengladbach,Bayer 04 Leverkusen,,,,566035,,,,,,,,NO_ODDS_MATCH
Bundesliga,2027-04-10,SCHEDULED,29,1. FC Köln,FC Augsburg,,,,566036,,,,,,,,NO_ODDS_MATCH
Bundesliga,2027-04-17,SCHEDULED,30,Bayer 04 Leverkusen,SV Werder Bremen,,,,566037,,,,,,,,NO_ODDS_MATCH
Bundesliga,2027-04-17,SCHEDULED,30,Eintracht Frankfurt,Borussia Mönchengladbach,,,,566038,,,,,,,,NO_ODDS_MATCH
Bundesliga,2027-04-17,SCHEDULED,30,1. FC Union Berlin,VfB Stuttgart,,,,566039,,,,,,,,NO_ODDS_MATCH
Bundesliga,2027-04-17,SCHEDULED,30,FC Bayern München,TSG 1899 Hoffenheim,,,,566040,,,,,,,,NO_ODDS_MATCH
Bundesliga,2027-04-17,SCHEDULED,30,FC Schalke 04,Hamburger SV,,,,566041,,,,,,,,NO_ODDS_MATCH
Bundesliga,2027-04-17,SCHEDULED,30,SV 07 Elversberg,SC Paderborn 07,,,,566042,,,,,,,,NO_ODDS_MATCH
Bundesliga,2027-04-17,SCHEDULED,30,FC Augsburg,Borussia Dortmund,,,,566043,,,,,,,,NO_ODDS_MATCH
Bundesliga,2027-04-17,SCHEDULED,30,SC Freiburg,1. FSV Mainz 05,,,,566044,,,,,,,,NO_ODDS_MATCH
Bundesliga,2027-04-17,SCHEDULED,30,RB Leipzig,1. FC Köln,,,,566045,,,,,,,,NO_ODDS_MATCH
Bundesliga,2027-04-24,SCHEDULED,31,SV Werder Bremen,FC Bayern München,,,,566046,,,,,,,,NO_ODDS_MATCH
Bundesliga,2027-04-24,SCHEDULED,31,1. FC Köln,1. FSV Mainz 05,,,,566047,,,,,,,,NO_ODDS_MATCH
Bundesliga,2027-04-24,SCHEDULED,31,Hamburger SV,SV 07 Elversberg,,,,566048,,,,,,,,NO_ODDS_MATCH
Bundesliga,2027-04-24,SCHEDULED,31,Borussia Dortmund,RB Leipzig,,,,566049,,,,,,,,NO_ODDS_MATCH
Bundesliga,2027-04-24,SCHEDULED,31,TSG 1899 Hoffenheim,1. FC Union Berlin,,,,566050,,,,,,,,NO_ODDS_MATCH
Bundesliga,2027-04-24,SCHEDULED,31,SC Paderborn 07,FC Augsburg,,,,566051,,,,,,,,NO_ODDS_MATCH
Bundesliga,2027-04-24,SCHEDULED,31,VfB Stuttgart,SC Freiburg,,,,566052,,,,,,,,NO_ODDS_MATCH
Bundesliga,2027-04-24,SCHEDULED,31,Borussia Mönchengladbach,FC Schalke 04,,,,566053,,,,,,,,NO_ODDS_MATCH
Bundesliga,2027-04-24,SCHEDULED,31,Eintracht Frankfurt,Bayer 04 Leverkusen,,,,566054,,,,,,,,NO_ODDS_MATCH
Bundesliga,2027-05-08,SCHEDULED,32,FC Schalke 04,Eintracht Frankfurt,,,,566055,,,,,,,,NO_ODDS_MATCH
Bundesliga,2027-05-08,SCHEDULED,32,RB Leipzig,SC Paderborn 07,,,,566056,,,,,,,,NO_ODDS_MATCH
Bundesliga,2027-05-08,SCHEDULED,32,SC Freiburg,1. FC Köln,,,,566057,,,,,,,,NO_ODDS_MATCH
Bundesliga,2027-05-08,SCHEDULED,32,1. FSV Mainz 05,Borussia Dortmund,,,,566058,,,,,,,,NO_ODDS_MATCH
Bundesliga,2027-05-08,SCHEDULED,32,FC Augsburg,VfB Stuttgart,,,,566059,,,,,,,,NO_ODDS_MATCH
Bundesliga,2027-05-08,SCHEDULED,32,1. FC Union Berlin,SV Werder Bremen,,,,566060,,,,,,,,NO_ODDS_MATCH
Bundesliga,2027-05-08,SCHEDULED,32,SV 07 Elversberg,TSG 1899 Hoffenheim,,,,566061,,,,,,,,NO_ODDS_MATCH
Bundesliga,2027-05-08,SCHEDULED,32,Bayer 04 Leverkusen,Hamburger SV,,,,566062,,,,,,,,NO_ODDS_MATCH
Bundesliga,2027-05-08,SCHEDULED,32,FC Bayern München,Borussia Mönchengladbach,,,,566063,,,,,,,,NO_ODDS_MATCH
Bundesliga,2027-05-15,SCHEDULED,33,Eintracht Frankfurt,SV 07 Elversberg,,,,566064,,,,,,,,NO_ODDS_MATCH
Bundesliga,2027-05-15,SCHEDULED,33,SC Paderborn 07,1. FC Union Berlin,,,,566065,,,,,,,,NO_ODDS_MATCH
Bundesliga,2027-05-15,SCHEDULED,33,VfB Stuttgart,RB Leipzig,,,,566066,,,,,,,,NO_ODDS_MATCH
Bundesliga,2027-05-15,SCHEDULED,33,Borussia Dortmund,1. FC Köln,,,,566067,,,,,,,,NO_ODDS_MATCH
Bundesliga,2027-05-15,SCHEDULED,33,Hamburger SV,SC Freiburg,,,,566068,,,,,,,,NO_ODDS_MATCH
Bundesliga,2027-05-15,SCHEDULED,33,Bayer 04 Leverkusen,FC Bayern München,,,,566069,,,,,,,,NO_ODDS_MATCH
Bundesliga,2027-05-15,SCHEDULED,33,SV Werder Bremen,FC Schalke 04,,,,566070,,,,,,,,NO_ODDS_MATCH
Bundesliga,2027-05-15,SCHEDULED,33,Borussia Mönchengladbach,FC Augsburg,,,,566071,,,,,,,,NO_ODDS_MATCH
Bundesliga,2027-05-15,SCHEDULED,33,TSG 1899 Hoffenheim,1. FSV Mainz 05,,,,566072,,,,,,,,NO_ODDS_MATCH
Bundesliga,2027-05-22,TIMED,34,RB Leipzig,TSG 1899 Hoffenheim,,,,566073,,,,,,,,NO_ODDS_MATCH
Bundesliga,2027-05-22,TIMED,34,1. FC Union Berlin,Borussia Mönchengladbach,,,,566074,,,,,,,,NO_ODDS_MATCH
Bundesliga,2027-05-22,TIMED,34,1. FSV Mainz 05,VfB Stuttgart,,,,566075,,,,,,,,NO_ODDS_MATCH
Bundesliga,2027-05-22,TIMED,34,FC Schalke 04,Bayer 04 Leverkusen,,,,566076,,,,,,,,NO_ODDS_MATCH
Bundesliga,2027-05-22,TIMED,34,SV 07 Elversberg,SV Werder Bremen,,,,566077,,,,,,,,NO_ODDS_MATCH
Bundesliga,2027-05-22,TIMED,34,FC Bayern München,Eintracht Frankfurt,,,,566078,,,,,,,,NO_ODDS_MATCH
Bundesliga,2027-05-22,TIMED,34,FC Augsburg,Hamburger SV,,,,566079,,,,,,,,NO_ODDS_MATCH
Bundesliga,2027-05-22,TIMED,34,SC Freiburg,Borussia Dortmund,,,,566080,,,,,,,,NO_ODDS_MATCH
Bundesliga,2027-05-22,TIMED,34,1. FC Köln,SC Paderborn 07,,,,566081,,,,,,,,NO_ODDS_MATCH
EPL,2026-08-21,FINISHED,1,Arsenal FC,Coventry City FC,3,0,HOME_TEAM,560542,,,,,,,,NO_ODDS_MATCH
EPL,2026-08-22,FINISHED,1,Hull City AFC,Manchester United FC,2,0,HOME_TEAM,560543,,,,,,,,NO_ODDS_MATCH
EPL,2026-08-22,FINISHED,1,Ipswich Town FC,Sunderland AFC,2,1,HOME_TEAM,560544,,,,,,,,NO_ODDS_MATCH
EPL,2026-08-22,FINISHED,1,Nottingham Forest FC,Leeds United FC,0,1,AWAY_TEAM,560545,,,,,,,,NO_ODDS_MATCH
EPL,2026-08-22,FINISHED,1,Everton FC,Crystal Palace FC,2,0,HOME_TEAM,560546,,,,,,,,NO_ODDS_MATCH
EPL,2026-08-22,FINISHED,1,Brentford FC,Tottenham Hotspur FC,3,0,HOME_TEAM,560547,,,,,,,,NO_ODDS_MATCH
EPL,2026-08-23,FINISHED,1,Manchester City FC,AFC Bournemouth,2,1,HOME_TEAM,560548,,,,,,,,NO_ODDS_MATCH
EPL,2026-08-23,FINISHED,1,Brighton & Hove Albion FC,Aston Villa FC,4,0,HOME_TEAM,560549,,,,,,,,NO_ODDS_MATCH
EPL,2026-08-23,FINISHED,1,Newcastle United FC,Liverpool FC,2,2,DRAW,560550,,,,,,,,NO_ODDS_MATCH
EPL,2026-08-24,FINISHED,1,Fulham FC,Chelsea FC,2,3,AWAY_TEAM,560551,,,,,,,,NO_ODDS_MATCH
EPL,2026-08-28,FINISHED,2,Crystal Palace FC,Manchester City FC,1,4,AWAY_TEAM,560555,,,,,,,,NO_ODDS_MATCH
EPL,2026-08-29,FINISHED,2,Liverpool FC,Nottingham Forest FC,2,2,DRAW,560552,,,,,,,,NO_ODDS_MATCH
EPL,2026-08-29,FINISHED,2,AFC Bournemouth,Everton FC,1,1,DRAW,560560,,,,,,,,NO_ODDS_MATCH
EPL,2026-08-29,FINISHED,2,Coventry City FC,Hull City AFC,0,1,AWAY_TEAM,560561,,,,,,,,NO_ODDS_MATCH
EPL,2026-08-29,FINISHED,2,Tottenham Hotspur FC,Newcastle United FC,0,2,AWAY_TEAM,560558,,,,,,,,NO_ODDS_MATCH
EPL,2026-08-30,FINISHED,2,Sunderland AFC,Fulham FC,1,0,HOME_TEAM,560554,,,,,,,,NO_ODDS_MATCH
EPL,2026-08-30,FINISHED,2,Chelsea FC,Brighton & Hove Albion FC,4,3,HOME_TEAM,560556,,,,,,,,NO_ODDS_MATCH
EPL,2026-08-30,FINISHED,2,Leeds United FC,Brentford FC,1,1,DRAW,560559,,,,,,,,NO_ODDS_MATCH
EPL,2026-08-30,FINISHED,2,Manchester United FC,Ipswich Town FC,5,2,HOME_TEAM,560553,,,,,,,,NO_ODDS_MATCH
EPL,2026-08-31,FINISHED,2,Aston Villa FC,Arsenal FC,0,1,AWAY_TEAM,560557,,,,,,,,NO_ODDS_MATCH
EPL,2026-09-04,FINISHED,3,Ipswich Town FC,Liverpool FC,0,2,AWAY_TEAM,560566,,,,,,,,NO_ODDS_MATCH
EPL,2026-09-05,FINISHED,3,Newcastle United FC,AFC Bournemouth,2,2,DRAW,560571,,,,,,,,NO_ODDS_MATCH
EPL,2026-09-05,FINISHED,3,Nottingham Forest FC,Tottenham Hotspur FC,0,0,DRAW,560562,,,,,,,,NO_ODDS_MATCH
EPL,2026-09-05,FINISHED,3,Manchester City FC,Coventry City FC,1,0,HOME_TEAM,560563,,,,,,,,NO_ODDS_MATCH
EPL,2026-09-05,FINISHED,3,Brighton & Hove Albion FC,Leeds United FC,1,1,DRAW,560564,,,,,,,,NO_ODDS_MATCH
EPL,2026-09-05,FINISHED,3,Brentford FC,Sunderland AFC,1,1,DRAW,560565,,,,,,,,NO_ODDS_MATCH
EPL,2026-09-05,FINISHED,3,Fulham FC,Crystal Palace FC,2,3,AWAY_TEAM,560568,,,,,,,,NO_ODDS_MATCH
EPL,2026-09-05,FINISHED,3,Hull City AFC,Aston Villa FC,0,0,DRAW,560569,,,,,,,,NO_ODDS_MATCH
EPL,2026-09-06,FINISHED,3,Everton FC,Manchester United FC,2,2,DRAW,560567,,,,,,,,NO_ODDS_MATCH
EPL,2026-09-06,FINISHED,3,Arsenal FC,Chelsea FC,2,1,HOME_TEAM,560570,,,,,,,,NO_ODDS_MATCH
EPL,2026-09-12,FINISHED,4,Crystal Palace FC,Ipswich Town FC,2,3,AWAY_TEAM,560572,,,,,,,,NO_ODDS_MATCH
EPL,2026-09-12,FINISHED,4,Liverpool FC,Fulham FC,0,0,DRAW,560573,,,,,,,,NO_ODDS_MATCH
EPL,2026-09-12,FINISHED,4,Aston Villa FC,Nottingham Forest FC,1,2,AWAY_TEAM,560574,,,,,,,,NO_ODDS_MATCH
EPL,2026-09-12,FINISHED,4,AFC Bournemouth,Brentford FC,2,2,DRAW,560576,,,,,,,,NO_ODDS_MATCH
EPL,2026-09-12,FINISHED,4,Chelsea FC,Hull City AFC,2,2,DRAW,560581,,,,,,,,NO_ODDS_MATCH
EPL,2026-09-12,FINISHED,4,Tottenham Hotspur FC,Everton FC,0,0,DRAW,560575,,,,,,,,NO_ODDS_MATCH
EPL,2026-09-12,FINISHED,4,Sunderland AFC,Arsenal FC,0,2,AWAY_TEAM,560577,,,,,,,,NO_ODDS_MATCH
EPL,2026-09-13,FINISHED,4,Coventry City FC,Brighton & Hove Albion FC,0,5,AWAY_TEAM,560578,,,,,,,,NO_ODDS_MATCH
EPL,2026-09-13,FINISHED,4,Manchester United FC,Manchester City FC,0,1,AWAY_TEAM,560580,,,,,,,,NO_ODDS_MATCH
EPL,2026-09-14,FINISHED,4,Leeds United FC,Newcastle United FC,4,1,HOME_TEAM,560579,,,,,,,,NO_ODDS_MATCH
EPL,2026-09-18,FINISHED,5,Brentford FC,Chelsea FC,3,0,HOME_TEAM,560591,,,,,,,,NO_ODDS_MATCH
EPL,2026-09-19,FINISHED,5,Tottenham Hotspur FC,Aston Villa FC,2,3,AWAY_TEAM,560587,,,,,,,,NO_ODDS_MATCH
EPL,2026-09-19,FINISHED,5,Everton FC,Ipswich Town FC,1,0,HOME_TEAM,560584,,,,,,,,NO_ODDS_MATCH
EPL,2026-09-19,FINISHED,5,Brighton & Hove Albion FC,Arsenal FC,3,0,HOME_TEAM,560586,,,,,,,,NO_ODDS_MATCH
EPL,2026-09-19,FINISHED,5,Newcastle United FC,Hull City AFC,2,1,HOME_TEAM,560588,,,,,,,,NO_ODDS_MATCH
EPL,2026-09-19,FINISHED,5,Nottingham Forest FC,Coventry City FC,0,1,AWAY_TEAM,560589,,,,,,,,NO_ODDS_MATCH
EPL,2026-09-20,FINISHED,5,AFC Bournemouth,Liverpool FC,0,1,AWAY_TEAM,560582,,,,,,,,NO_ODDS_MATCH
EPL,2026-09-20,FINISHED,5,Leeds United FC,Crystal Palace FC,0,0,DRAW,560585,,,,,,,,NO_ODDS_MATCH
EPL,2026-09-20,FINISHED,5,Manchester City FC,Sunderland AFC,5,3,HOME_TEAM,560590,,,,,,,,NO_ODDS_MATCH
EPL,2026-09-20,FINISHED,5,Fulham FC,Manchester United FC,1,1,DRAW,560583,,,,,,,,NO_ODDS_MATCH
EPL,2026-10-10,TIMED,6,Arsenal FC,Leeds United FC,,,,560593,,,,,,,,NO_ODDS_MATCH
EPL,2026-10-10,TIMED,6,Sunderland AFC,Brighton & Hove Albion FC,,,,560592,,,,,,,,NO_ODDS_MATCH
EPL,2026-10-10,TIMED,6,Chelsea FC,AFC Bournemouth,,,,560595,,,,,,,,NO_ODDS_MATCH
EPL,2026-10-10,TIMED,6,Ipswich Town FC,Fulham FC,,,,560599,,,,,,,,NO_ODDS_MATCH
EPL,2026-10-10,TIMED,6,Aston Villa FC,Brentford FC,,,,560601,,,,,,,,NO_ODDS_MATCH
EPL,2026-10-10,TIMED,6,Manchester United FC,Tottenham Hotspur FC,,,,560600,22c9b2c43cbe1334381269550dab78e6,1xBet,spreads,-1.5,2.86,1.5,1.5,MATCHED
EPL,2026-10-10,TIMED,6,Manchester United FC,Tottenham Hotspur FC,,,,560600,22c9b2c43cbe1334381269550dab78e6,MyBookie.ag,spreads,-0.5,1.67,0.5,2.08,MATCHED
EPL,2026-10-10,TIMED,6,Manchester United FC,Tottenham Hotspur FC,,,,560600,22c9b2c43cbe1334381269550dab78e6,Pinnacle,spreads,-0.75,1.91,0.75,2.0,MATCHED
EPL,2026-10-10,TIMED,6,Manchester United FC,Tottenham Hotspur FC,,,,560600,22c9b2c43cbe1334381269550dab78e6,Coolbet,spreads,-1.0,2.27,1.0,1.68,MATCHED
EPL,2026-10-10,TIMED,6,Manchester United FC,Tottenham Hotspur FC,,,,560600,22c9b2c43cbe1334381269550dab78e6,BetOnline.ag,spreads,-0.5,1.72,0.5,2.14,MATCHED
EPL,2026-10-10,TIMED,6,Manchester United FC,Tottenham Hotspur FC,,,,560600,22c9b2c43cbe1334381269550dab78e6,Matchbook,spreads,-0.75,1.9,0.75,2.02,MATCHED
EPL,2026-10-10,TIMED,6,Manchester United FC,Tottenham Hotspur FC,,,,560600,22c9b2c43cbe1334381269550dab78e6,GTbets,spreads,-1.5,2.71,1.5,1.45,MATCHED
EPL,2026-10-11,TIMED,6,Hull City AFC,Everton FC,,,,560594,,,,,,,,NO_ODDS_MATCH
EPL,2026-10-11,TIMED,6,Crystal Palace FC,Nottingham Forest FC,,,,560596,,,,,,,,NO_ODDS_MATCH
EPL,2026-10-11,TIMED,6,Liverpool FC,Manchester City FC,,,,560598,,,,,,,,NO_ODDS_MATCH
EPL,2026-10-12,TIMED,6,Coventry City FC,Newcastle United FC,,,,560597,,,,,,,,NO_ODDS_MATCH
EPL,2026-10-17,TIMED,7,Everton FC,Chelsea FC,,,,560603,,,,,,,,NO_ODDS_MATCH
EPL,2026-10-17,TIMED,7,Fulham FC,Hull City AFC,,,,560602,,,,,,,,NO_ODDS_MATCH
EPL,2026-10-17,TIMED,7,Manchester City FC,Ipswich Town FC,,,,560610,,,,,,,,NO_ODDS_MATCH
EPL,2026-10-17,TIMED,7,Brentford FC,Liverpool FC,,,,560611,,,,,,,,NO_ODDS_MATCH
EPL,2026-10-17,TIMED,7,Newcastle United FC,Aston Villa FC,,,,560607,d1bbbdcd3d430e70091b518369b559cf,MyBookie.ag,spreads,-0.5,2.0,0.5,1.72,MATCHED
EPL,2026-10-17,TIMED,7,Newcastle United FC,Aston Villa FC,,,,560607,d1bbbdcd3d430e70091b518369b559cf,1xBet,spreads,0.0,1.63,0.0,2.49,MATCHED
EPL,2026-10-17,TIMED,7,Newcastle United FC,Aston Villa FC,,,,560607,d1bbbdcd3d430e70091b518369b559cf,Pinnacle,spreads,-0.25,1.85,0.25,2.01,MATCHED
EPL,2026-10-18,TIMED,7,AFC Bournemouth,Sunderland AFC,,,,560604,,,,,,,,NO_ODDS_MATCH
EPL,2026-10-18,TIMED,7,Leeds United FC,Manchester United FC,,,,560605,,,,,,,,NO_ODDS_MATCH
EPL,2026-10-18,TIMED,7,Brighton & Hove Albion FC,Crystal Palace FC,,,,560609,,,,,,,,NO_ODDS_MATCH
EPL,2026-10-18,TIMED,7,Nottingham Forest FC,Arsenal FC,,,,560608,,,,,,,,NO_ODDS_MATCH
EPL,2026-10-19,TIMED,7,Tottenham Hotspur FC,Coventry City FC,,,,560606,,,,,,,,NO_ODDS_MATCH
EPL,2026-10-23,TIMED,8,Ipswich Town FC,Nottingham Forest FC,,,,560620,,,,,,,,NO_ODDS_MATCH
EPL,2026-10-24,TIMED,8,Aston Villa FC,Manchester City FC,,,,560614,,,,,,,,NO_ODDS_MATCH
EPL,2026-10-24,TIMED,8,Arsenal FC,Everton FC,,,,560616,,,,,,,,NO_ODDS_MATCH
EPL,2026-10-24,TIMED,8,Coventry City FC,Fulham FC,,,,560618,,,,,,,,NO_ODDS_MATCH
EPL,2026-10-24,TIMED,8,Chelsea FC,Tottenham Hotspur FC,,,,560617,,,,,,,,NO_ODDS_MATCH
EPL,2026-10-25,TIMED,8,Liverpool FC,Brighton & Hove Albion FC,,,,560612,,,,,,,,NO_ODDS_MATCH
EPL,2026-10-25,TIMED,8,Crystal Palace FC,Newcastle United FC,,,,560613,,,,,,,,NO_ODDS_MATCH
EPL,2026-10-25,TIMED,8,Manchester United FC,AFC Bournemouth,,,,560615,,,,,,,,NO_ODDS_MATCH
EPL,2026-10-25,TIMED,8,Hull City AFC,Brentford FC,,,,560619,,,,,,,,NO_ODDS_MATCH
EPL,2026-10-25,TIMED,8,Sunderland AFC,Leeds United FC,,,,560621,,,,,,,,NO_ODDS_MATCH
EPL,2026-10-31,TIMED,9,Chelsea FC,Manchester United FC,,,,560626,,,,,,,,NO_ODDS_MATCH
EPL,2026-10-31,TIMED,9,Manchester City FC,Brighton & Hove Albion FC,,,,560623,,,,,,,,NO_ODDS_MATCH
EPL,2026-10-31,TIMED,9,AFC Bournemouth,Leeds United FC,,,,560624,,,,,,,,NO_ODDS_MATCH
EPL,2026-10-31,TIMED,9,Coventry City FC,Sunderland AFC,,,,560625,,,,,,,,NO_ODDS_MATCH
EPL,2026-10-31,TIMED,9,Hull City AFC,Ipswich Town FC,,,,560629,,,,,,,,NO_ODDS_MATCH
EPL,2026-10-31,TIMED,9,Brentford FC,Nottingham Forest FC,,,,560630,,,,,,,,NO_ODDS_MATCH
EPL,2026-10-31,TIMED,9,Tottenham Hotspur FC,Crystal Palace FC,,,,560627,,,,,,,,NO_ODDS_MATCH
EPL,2026-10-31,TIMED,9,Aston Villa FC,Fulham FC,,,,560628,,,,,,,,NO_ODDS_MATCH
EPL,2026-11-01,TIMED,9,Liverpool FC,Arsenal FC,,,,560631,,,,,,,,NO_ODDS_MATCH
EPL,2026-11-02,TIMED,9,Newcastle United FC,Everton FC,,,,560622,,,,,,,,NO_ODDS_MATCH
EPL,2026-11-06,TIMED,10,Everton FC,Coventry City FC,,,,560634,,,,,,,,NO_ODDS_MATCH
EPL,2026-11-07,TIMED,10,Leeds United FC,Tottenham Hotspur FC,,,,560632,,,,,,,,NO_ODDS_MATCH
EPL,2026-11-07,TIMED,10,Arsenal FC,Hull City AFC,,,,560640,,,,,,,,NO_ODDS_MATCH
EPL,2026-11-07,TIMED,10,Fulham FC,Newcastle United FC,,,,560633,,,,,,,,NO_ODDS_MATCH
EPL,2026-11-07,TIMED,10,Nottingham Forest FC,Manchester City FC,,,,560641,,,,,,,,NO_ODDS_MATCH
EPL,2026-11-08,TIMED,10,Crystal Palace FC,Liverpool FC,,,,560635,,,,,,,,NO_ODDS_MATCH
EPL,2026-11-08,TIMED,10,Sunderland AFC,Chelsea FC,,,,560636,,,,,,,,NO_ODDS_MATCH
EPL,2026-11-08,TIMED,10,Ipswich Town FC,AFC Bournemouth,,,,560637,,,,,,,,NO_ODDS_MATCH
EPL,2026-11-08,TIMED,10,Brighton & Hove Albion FC,Brentford FC,,,,560638,,,,,,,,NO_ODDS_MATCH
EPL,2026-11-08,TIMED,10,Manchester United FC,Aston Villa FC,,,,560639,,,,,,,,NO_ODDS_MATCH
EPL,2026-11-21,TIMED,11,Manchester City FC,Fulham FC,,,,560643,,,,,,,,NO_ODDS_MATCH
EPL,2026-11-21,TIMED,11,Chelsea FC,Leeds United FC,,,,560642,,,,,,,,NO_ODDS_MATCH
EPL,2026-11-21,TIMED,11,Aston Villa FC,Sunderland AFC,,,,560644,,,,,,,,NO_ODDS_MATCH
EPL,2026-11-21,TIMED,11,AFC Bournemouth,Nottingham Forest FC,,,,560647,,,,,,,,NO_ODDS_MATCH
EPL,2026-11-21,TIMED,11,Tottenham Hotspur FC,Ipswich Town FC,,,,560648,,,,,,,,NO_ODDS_MATCH
EPL,2026-11-21,TIMED,11,Coventry City FC,Crystal Palace FC,,,,560650,,,,,,,,NO_ODDS_MATCH
EPL,2026-11-21,TIMED,11,Newcastle United FC,Arsenal FC,,,,560651,,,,,,,,NO_ODDS_MATCH
EPL,2026-11-22,TIMED,11,Hull City AFC,Brighton & Hove Albion FC,,,,560646,,,,,,,,NO_ODDS_MATCH
EPL,2026-11-22,TIMED,11,Liverpool FC,Manchester United FC,,,,560645,,,,,,,,NO_ODDS_MATCH
EPL,2026-11-23,TIMED,11,Brentford FC,Everton FC,,,,560649,,,,,,,,NO_ODDS_MATCH
EPL,2026-11-27,TIMED,12,Nottingham Forest FC,Chelsea FC,,,,560658,,,,,,,,NO_ODDS_MATCH
EPL,2026-11-28,TIMED,12,Leeds United FC,Coventry City FC,,,,560652,,,,,,,,NO_ODDS_MATCH
EPL,2026-11-28,TIMED,12,Manchester United FC,Brentford FC,,,,560655,,,,,,,,NO_ODDS_MATCH
EPL,2026-11-28,TIMED,12,Ipswich Town FC,Aston Villa FC,,,,560653,,,,,,,,NO_ODDS_MATCH
EPL,2026-11-29,TIMED,12,Everton FC,Liverpool FC,,,,560656,,,,,,,,NO_ODDS_MATCH
EPL,2026-11-29,TIMED,12,Fulham FC,AFC Bournemouth,,,,560657,,,,,,,,NO_ODDS_MATCH
EPL,2026-11-29,TIMED,12,Brighton & Hove Albion FC,Newcastle United FC,,,,560659,,,,,,,,NO_ODDS_MATCH
EPL,2026-11-29,TIMED,12,Sunderland AFC,Tottenham Hotspur FC,,,,560660,,,,,,,,NO_ODDS_MATCH
EPL,2026-11-29,TIMED,12,Crystal Palace FC,Hull City AFC,,,,560661,,,,,,,,NO_ODDS_MATCH
EPL,2026-11-29,TIMED,12,Arsenal FC,Manchester City FC,,,,560654,,,,,,,,NO_ODDS_MATCH
EPL,2026-12-02,TIMED,13,Tottenham Hotspur FC,Fulham FC,,,,560662,,,,,,,,NO_ODDS_MATCH
EPL,2026-12-02,TIMED,13,Liverpool FC,Sunderland AFC,,,,560663,,,,,,,,NO_ODDS_MATCH
EPL,2026-12-02,TIMED,13,Hull City AFC,Nottingham Forest FC,,,,560664,,,,,,,,NO_ODDS_MATCH
EPL,2026-12-02,TIMED,13,Chelsea FC,Crystal Palace FC,,,,560665,,,,,,,,NO_ODDS_MATCH
EPL,2026-12-02,TIMED,13,Aston Villa FC,Everton FC,,,,560666,,,,,,,,NO_ODDS_MATCH
EPL,2026-12-02,TIMED,13,Brentford FC,Arsenal FC,,,,560667,,,,,,,,NO_ODDS_MATCH
EPL,2026-12-02,TIMED,13,Coventry City FC,Ipswich Town FC,,,,560668,,,,,,,,NO_ODDS_MATCH
EPL,2026-12-02,TIMED,13,Manchester City FC,Leeds United FC,,,,560669,,,,,,,,NO_ODDS_MATCH
EPL,2026-12-02,TIMED,13,Newcastle United FC,Manchester United FC,,,,560670,,,,,,,,NO_ODDS_MATCH
EPL,2026-12-02,TIMED,13,AFC Bournemouth,Brighton & Hove Albion FC,,,,560671,,,,,,,,NO_ODDS_MATCH
EPL,2026-12-05,TIMED,14,Tottenham Hotspur FC,Arsenal FC,,,,560672,,,,,,,,NO_ODDS_MATCH
EPL,2026-12-05,TIMED,14,Manchester United FC,Coventry City FC,,,,560673,,,,,,,,NO_ODDS_MATCH
EPL,2026-12-05,TIMED,14,Leeds United FC,Ipswich Town FC,,,,560674,,,,,,,,NO_ODDS_MATCH
EPL,2026-12-05,TIMED,14,Newcastle United FC,Sunderland AFC,,,,560675,,,,,,,,NO_ODDS_MATCH
EPL,2026-12-05,TIMED,14,Chelsea FC,Liverpool FC,,,,560676,,,,,,,,NO_ODDS_MATCH
EPL,2026-12-05,TIMED,14,Brentford FC,Manchester City FC,,,,560677,,,,,,,,NO_ODDS_MATCH
EPL,2026-12-05,TIMED,14,AFC Bournemouth,Hull City AFC,,,,560678,,,,,,,,NO_ODDS_MATCH
EPL,2026-12-05,TIMED,14,Aston Villa FC,Crystal Palace FC,,,,560679,,,,,,,,NO_ODDS_MATCH
EPL,2026-12-05,TIMED,14,Nottingham Forest FC,Brighton & Hove Albion FC,,,,560680,,,,,,,,NO_ODDS_MATCH
EPL,2026-12-05,TIMED,14,Everton FC,Fulham FC,,,,560681,,,,,,,,NO_ODDS_MATCH
EPL,2026-12-12,TIMED,15,Sunderland AFC,Nottingham Forest FC,,,,560682,,,,,,,,NO_ODDS_MATCH
EPL,2026-12-12,TIMED,15,Crystal Palace FC,Manchester United FC,,,,560683,,,,,,,,NO_ODDS_MATCH
EPL,2026-12-12,TIMED,15,Hull City AFC,Tottenham Hotspur FC,,,,560684,,,,,,,,NO_ODDS_MATCH
EPL,2026-12-12,TIMED,15,Brighton & Hove Albion FC,Everton FC,,,,560685,,,,,,,,NO_ODDS_MATCH
EPL,2026-12-12,TIMED,15,Ipswich Town FC,Newcastle United FC,,,,560686,,,,,,,,NO_ODDS_MATCH
EPL,2026-12-12,TIMED,15,Coventry City FC,Aston Villa FC,,,,560687,,,,,,,,NO_ODDS_MATCH
EPL,2026-12-12,TIMED,15,Arsenal FC,AFC Bournemouth,,,,560688,,,,,,,,NO_ODDS_MATCH
EPL,2026-12-12,TIMED,15,Manchester City FC,Chelsea FC,,,,560689,,,,,,,,NO_ODDS_MATCH
EPL,2026-12-12,TIMED,15,Liverpool FC,Leeds United FC,,,,560690,,,,,,,,NO_ODDS_MATCH
EPL,2026-12-12,TIMED,15,Fulham FC,Brentford FC,,,,560691,,,,,,,,NO_ODDS_MATCH
EPL,2026-12-19,TIMED,16,Leeds United FC,Fulham FC,,,,560692,,,,,,,,NO_ODDS_MATCH
EPL,2026-12-19,TIMED,16,Brighton & Hove Albion FC,Ipswich Town FC,,,,560693,,,,,,,,NO_ODDS_MATCH
EPL,2026-12-19,TIMED,16,Nottingham Forest FC,Everton FC,,,,560694,,,,,,,,NO_ODDS_MATCH
EPL,2026-12-19,TIMED,16,Brentford FC,Newcastle United FC,,,,560695,,,,,,,,NO_ODDS_MATCH
EPL,2026-12-19,TIMED,16,Manchester City FC,Hull City AFC,,,,560696,,,,,,,,NO_ODDS_MATCH
EPL,2026-12-19,TIMED,16,Sunderland AFC,Crystal Palace FC,,,,560697,,,,,,,,NO_ODDS_MATCH
EPL,2026-12-19,TIMED,16,AFC Bournemouth,Coventry City FC,,,,560698,,,,,,,,NO_ODDS_MATCH
EPL,2026-12-19,TIMED,16,Arsenal FC,Manchester United FC,,,,560699,,,,,,,,NO_ODDS_MATCH
EPL,2026-12-19,TIMED,16,Liverpool FC,Tottenham Hotspur FC,,,,560700,,,,,,,,NO_ODDS_MATCH
EPL,2026-12-19,TIMED,16,Chelsea FC,Aston Villa FC,,,,560701,,,,,,,,NO_ODDS_MATCH
EPL,2026-12-26,TIMED,17,Aston Villa FC,Leeds United FC,,,,560702,,,,,,,,NO_ODDS_MATCH
EPL,2026-12-26,TIMED,17,Everton FC,Sunderland AFC,,,,560705,,,,,,,,NO_ODDS_MATCH
EPL,2026-12-26,TIMED,17,Fulham FC,Brighton & Hove Albion FC,,,,560708,,,,,,,,NO_ODDS_MATCH
EPL,2026-12-26,TIMED,17,Tottenham Hotspur FC,AFC Bournemouth,,,,560709,,,,,,,,NO_ODDS_MATCH
EPL,2026-12-26,TIMED,17,Ipswich Town FC,Brentford FC,,,,560711,,,,,,,,NO_ODDS_MATCH
EPL,2026-12-26,TIMED,17,Hull City AFC,Liverpool FC,,,,560710,,,,,,,,NO_ODDS_MATCH
EPL,2026-12-26,TIMED,17,Newcastle United FC,Manchester City FC,,,,560707,,,,,,,,NO_ODDS_MATCH
EPL,2026-12-27,TIMED,17,Coventry City FC,Chelsea FC,,,,560706,,,,,,,,NO_ODDS_MATCH
EPL,2026-12-27,TIMED,17,Manchester United FC,Nottingham Forest FC,,,,560703,,,,,,,,NO_ODDS_MATCH
EPL,2026-12-27,TIMED,17,Crystal Palace FC,Arsenal FC,,,,560704,,,,,,,,NO_ODDS_MATCH
EPL,2026-12-29,TIMED,18,Hull City AFC,Leeds United FC,,,,560716,,,,,,,,NO_ODDS_MATCH
EPL,2026-12-29,TIMED,18,Tottenham Hotspur FC,Brighton & Hove Albion FC,,,,560719,,,,,,,,NO_ODDS_MATCH
EPL,2026-12-29,TIMED,18,Everton FC,Manchester City FC,,,,560720,,,,,,,,NO_ODDS_MATCH
EPL,2026-12-30,TIMED,18,Fulham FC,Arsenal FC,,,,560712,,,,,,,,NO_ODDS_MATCH
EPL,2026-12-30,TIMED,18,Coventry City FC,Brentford FC,,,,560713,,,,,,,,NO_ODDS_MATCH
EPL,2026-12-30,TIMED,18,Newcastle United FC,Nottingham Forest FC,,,,560715,,,,,,,,NO_ODDS_MATCH
EPL,2026-12-30,TIMED,18,Manchester United FC,Sunderland AFC,,,,560717,,,,,,,,NO_ODDS_MATCH
EPL,2026-12-30,TIMED,18,Crystal Palace FC,AFC Bournemouth,,,,560721,,,,,,,,NO_ODDS_MATCH
EPL,2026-12-30,TIMED,18,Aston Villa FC,Liverpool FC,,,,560714,,,,,,,,NO_ODDS_MATCH
EPL,2026-12-30,TIMED,18,Ipswich Town FC,Chelsea FC,,,,560718,,,,,,,,NO_ODDS_MATCH
EPL,2027-01-01,TIMED,19,Leeds United FC,Everton FC,,,,560724,,,,,,,,NO_ODDS_MATCH
EPL,2027-01-02,TIMED,19,Brighton & Hove Albion FC,Manchester United FC,,,,560730,,,,,,,,NO_ODDS_MATCH
EPL,2027-01-02,TIMED,19,Brentford FC,Crystal Palace FC,,,,560723,,,,,,,,NO_ODDS_MATCH
EPL,2027-01-02,TIMED,19,Arsenal FC,Ipswich Town FC,,,,560725,,,,,,,,NO_ODDS_MATCH
EPL,2027-01-02,TIMED,19,Sunderland AFC,Hull City AFC,,,,560726,,,,,,,,NO_ODDS_MATCH
EPL,2027-01-02,TIMED,19,Liverpool FC,Coventry City FC,,,,560727,,,,,,,,NO_ODDS_MATCH
EPL,2027-01-02,TIMED,19,Nottingham Forest FC,Fulham FC,,,,560729,,,,,,,,NO_ODDS_MATCH
EPL,2027-01-02,TIMED,19,AFC Bournemouth,Aston Villa FC,,,,560722,,,,,,,,NO_ODDS_MATCH
EPL,2027-01-03,TIMED,19,Chelsea FC,Newcastle United FC,,,,560728,,,,,,,,NO_ODDS_MATCH
EPL,2027-01-03,TIMED,19,Manchester City FC,Tottenham Hotspur FC,,,,560731,,,,,,,,NO_ODDS_MATCH
EPL,2027-01-05,TIMED,20,Arsenal FC,Brentford FC,,,,560732,,,,,,,,NO_ODDS_MATCH
EPL,2027-01-05,TIMED,20,Brighton & Hove Albion FC,AFC Bournemouth,,,,560735,,,,,,,,NO_ODDS_MATCH
EPL,2027-01-05,TIMED,20,Nottingham Forest FC,Hull City AFC,,,,560736,,,,,,,,NO_ODDS_MATCH
EPL,2027-01-05,TIMED,20,Everton FC,Aston Villa FC,,,,560738,,,,,,,,NO_ODDS_MATCH
EPL,2027-01-05,TIMED,20,Sunderland AFC,Liverpool FC,,,,560739,,,,,,,,NO_ODDS_MATCH
EPL,2027-01-06,TIMED,20,Fulham FC,Tottenham Hotspur FC,,,,560737,,,,,,,,NO_ODDS_MATCH
EPL,2027-01-06,TIMED,20,Crystal Palace FC,Chelsea FC,,,,560740,,,,,,,,NO_ODDS_MATCH
EPL,2027-01-06,TIMED,20,Ipswich Town FC,Coventry City FC,,,,560741,,,,,,,,NO_ODDS_MATCH
EPL,2027-01-06,TIMED,20,Leeds United FC,Manchester City FC,,,,560733,,,,,,,,NO_ODDS_MATCH
EPL,2027-01-07,TIMED,20,Manchester United FC,Newcastle United FC,,,,560734,,,,,,,,NO_ODDS_MATCH
EPL,2027-01-16,TIMED,21,AFC Bournemouth,Ipswich Town FC,,,,560742,,,,,,,,NO_ODDS_MATCH
EPL,2027-01-16,TIMED,21,Manchester City FC,Nottingham Forest FC,,,,560743,,,,,,,,NO_ODDS_MATCH
EPL,2027-01-16,TIMED,21,Chelsea FC,Sunderland AFC,,,,560744,,,,,,,,NO_ODDS_MATCH
EPL,2027-01-16,TIMED,21,Brentford FC,Brighton & Hove Albion FC,,,,560745,,,,,,,,NO_ODDS_MATCH
EPL,2027-01-16,TIMED,21,Aston Villa FC,Manchester United FC,,,,560746,,,,,,,,NO_ODDS_MATCH
EPL,2027-01-16,TIMED,21,Tottenham Hotspur FC,Leeds United FC,,,,560747,,,,,,,,NO_ODDS_MATCH
EPL,2027-01-16,TIMED,21,Coventry City FC,Everton FC,,,,560748,,,,,,,,NO_ODDS_MATCH
EPL,2027-01-16,TIMED,21,Liverpool FC,Crystal Palace FC,,,,560749,,,,,,,,NO_ODDS_MATCH
EPL,2027-01-16,TIMED,21,Hull City AFC,Arsenal FC,,,,560750,,,,,,,,NO_ODDS_MATCH
EPL,2027-01-16,TIMED,21,Newcastle United FC,Fulham FC,,,,560751,,,,,,,,NO_ODDS_MATCH
EPL,2027-01-23,TIMED,22,Ipswich Town FC,Hull City AFC,,,,560752,,,,,,,,NO_ODDS_MATCH
EPL,2027-01-23,TIMED,22,Everton FC,Brentford FC,,,,560753,,,,,,,,NO_ODDS_MATCH
EPL,2027-01-23,TIMED,22,Sunderland AFC,Coventry City FC,,,,560754,,,,,,,,NO_ODDS_MATCH
EPL,2027-01-23,TIMED,22,Nottingham Forest FC,AFC Bournemouth,,,,560755,,,,,,,,NO_ODDS_MATCH
EPL,2027-01-23,TIMED,22,Arsenal FC,Newcastle United FC,,,,560756,,,,,,,,NO_ODDS_MATCH
EPL,2027-01-23,TIMED,22,Leeds United FC,Chelsea FC,,,,560757,,,,,,,,NO_ODDS_MATCH
EPL,2027-01-23,TIMED,22,Fulham FC,Aston Villa FC,,,,560758,,,,,,,,NO_ODDS_MATCH
EPL,2027-01-23,TIMED,22,Manchester United FC,Liverpool FC,,,,560759,,,,,,,,NO_ODDS_MATCH
EPL,2027-01-23,TIMED,22,Brighton & Hove Albion FC,Manchester City FC,,,,560760,,,,,,,,NO_ODDS_MATCH
EPL,2027-01-23,TIMED,22,Crystal Palace FC,Tottenham Hotspur FC,,,,560761,,,,,,,,NO_ODDS_MATCH
EPL,2027-01-30,TIMED,23,Tottenham Hotspur FC,Sunderland AFC,,,,560762,,,,,,,,NO_ODDS_MATCH
EPL,2027-01-30,TIMED,23,Brentford FC,Manchester United FC,,,,560763,,,,,,,,NO_ODDS_MATCH
EPL,2027-01-30,TIMED,23,Newcastle United FC,Brighton & Hove Albion FC,,,,560764,,,,,,,,NO_ODDS_MATCH
EPL,2027-01-30,TIMED,23,Hull City AFC,Crystal Palace FC,,,,560765,,,,,,,,NO_ODDS_MATCH
EPL,2027-01-30,TIMED,23,Coventry City FC,Leeds United FC,,,,560766,,,,,,,,NO_ODDS_MATCH
EPL,2027-01-30,TIMED,23,AFC Bournemouth,Fulham FC,,,,560767,,,,,,,,NO_ODDS_MATCH
EPL,2027-01-30,TIMED,23,Chelsea FC,Nottingham Forest FC,,,,560768,,,,,,,,NO_ODDS_MATCH
EPL,2027-01-30,TIMED,23,Liverpool FC,Everton FC,,,,560769,,,,,,,,NO_ODDS_MATCH
EPL,2027-01-30,TIMED,23,Manchester City FC,Arsenal FC,,,,560770,,,,,,,,NO_ODDS_MATCH
EPL,2027-01-30,TIMED,23,Aston Villa FC,Ipswich Town FC,,,,560771,,,,,,,,NO_ODDS_MATCH
EPL,2027-02-06,TIMED,24,Arsenal FC,Liverpool FC,,,,560772,,,,,,,,NO_ODDS_MATCH
EPL,2027-02-06,TIMED,24,Brighton & Hove Albion FC,Hull City AFC,,,,560773,,,,,,,,NO_ODDS_MATCH
EPL,2027-02-06,TIMED,24,Sunderland AFC,Aston Villa FC,,,,560774,,,,,,,,NO_ODDS_MATCH
EPL,2027-02-06,TIMED,24,Crystal Palace FC,Coventry City FC,,,,560775,,,,,,,,NO_ODDS_MATCH
EPL,2027-02-06,TIMED,24,Ipswich Town FC,Tottenham Hotspur FC,,,,560776,,,,,,,,NO_ODDS_MATCH
EPL,2027-02-06,TIMED,24,Everton FC,Newcastle United FC,,,,560777,,,,,,,,NO_ODDS_MATCH
EPL,2027-02-06,TIMED,24,Fulham FC,Manchester City FC,,,,560778,,,,,,,,NO_ODDS_MATCH
EPL,2027-02-06,TIMED,24,Leeds United FC,AFC Bournemouth,,,,560779,,,,,,,,NO_ODDS_MATCH
EPL,2027-02-06,TIMED,24,Manchester United FC,Chelsea FC,,,,560780,,,,,,,,NO_ODDS_MATCH
EPL,2027-02-06,TIMED,24,Nottingham Forest FC,Brentford FC,,,,560781,,,,,,,,NO_ODDS_MATCH
EPL,2027-02-10,TIMED,25,Everton FC,Leeds United FC,,,,560782,,,,,,,,NO_ODDS_MATCH
EPL,2027-02-10,TIMED,25,Coventry City FC,Liverpool FC,,,,560783,,,,,,,,NO_ODDS_MATCH
EPL,2027-02-10,TIMED,25,Hull City AFC,Sunderland AFC,,,,560784,,,,,,,,NO_ODDS_MATCH
EPL,2027-02-10,TIMED,25,Aston Villa FC,AFC Bournemouth,,,,560785,,,,,,,,NO_ODDS_MATCH
EPL,2027-02-10,TIMED,25,Crystal Palace FC,Brentford FC,,,,560786,,,,,,,,NO_ODDS_MATCH
EPL,2027-02-10,TIMED,25,Newcastle United FC,Chelsea FC,,,,560787,,,,,,,,NO_ODDS_MATCH
EPL,2027-02-10,TIMED,25,Fulham FC,Nottingham Forest FC,,,,560788,,,,,,,,NO_ODDS_MATCH
EPL,2027-02-10,TIMED,25,Tottenham Hotspur FC,Manchester City FC,,,,560789,,,,,,,,NO_ODDS_MATCH
EPL,2027-02-10,TIMED,25,Manchester United FC,Brighton & Hove Albion FC,,,,560790,,,,,,,,NO_ODDS_MATCH
EPL,2027-02-10,TIMED,25,Ipswich Town FC,Arsenal FC,,,,560791,,,,,,,,NO_ODDS_MATCH
EPL,2027-02-20,TIMED,26,Manchester City FC,Newcastle United FC,,,,560792,,,,,,,,NO_ODDS_MATCH
EPL,2027-02-20,TIMED,26,AFC Bournemouth,Crystal Palace FC,,,,560793,,,,,,,,NO_ODDS_MATCH
EPL,2027-02-20,TIMED,26,Brentford FC,Coventry City FC,,,,560794,,,,,,,,NO_ODDS_MATCH
EPL,2027-02-20,TIMED,26,Chelsea FC,Ipswich Town FC,,,,560795,,,,,,,,NO_ODDS_MATCH
EPL,2027-02-20,TIMED,26,Liverpool FC,Hull City AFC,,,,560796,,,,,,,,NO_ODDS_MATCH
EPL,2027-02-20,TIMED,26,Arsenal FC,Fulham FC,,,,560797,,,,,,,,NO_ODDS_MATCH
EPL,2027-02-20,TIMED,26,Nottingham Forest FC,Manchester United FC,,,,560798,,,,,,,,NO_ODDS_MATCH
EPL,2027-02-20,TIMED,26,Brighton & Hove Albion FC,Tottenham Hotspur FC,,,,560799,,,,,,,,NO_ODDS_MATCH
EPL,2027-02-20,TIMED,26,Sunderland AFC,Everton FC,,,,560800,,,,,,,,NO_ODDS_MATCH
EPL,2027-02-20,TIMED,26,Leeds United FC,Aston Villa FC,,,,560801,,,,,,,,NO_ODDS_MATCH
EPL,2027-02-27,TIMED,27,Crystal Palace FC,Sunderland AFC,,,,560802,,,,,,,,NO_ODDS_MATCH
EPL,2027-02-27,TIMED,27,Manchester United FC,Arsenal FC,,,,560803,,,,,,,,NO_ODDS_MATCH
EPL,2027-02-27,TIMED,27,Ipswich Town FC,Brighton & Hove Albion FC,,,,560804,,,,,,,,NO_ODDS_MATCH
EPL,2027-02-27,TIMED,27,Coventry City FC,AFC Bournemouth,,,,560805,,,,,,,,NO_ODDS_MATCH
EPL,2027-02-27,TIMED,27,Everton FC,Nottingham Forest FC,,,,560806,,,,,,,,NO_ODDS_MATCH
EPL,2027-02-27,TIMED,27,Fulham FC,Leeds United FC,,,,560807,,,,,,,,NO_ODDS_MATCH
EPL,2027-02-27,TIMED,27,Aston Villa FC,Chelsea FC,,,,560808,,,,,,,,NO_ODDS_MATCH
EPL,2027-02-27,TIMED,27,Tottenham Hotspur FC,Liverpool FC,,,,560809,,,,,,,,NO_ODDS_MATCH
EPL,2027-02-27,TIMED,27,Newcastle United FC,Brentford FC,,,,560810,,,,,,,,NO_ODDS_MATCH
EPL,2027-02-27,TIMED,27,Hull City AFC,Manchester City FC,,,,560811,,,,,,,,NO_ODDS_MATCH
EPL,2027-03-03,TIMED,28,Nottingham Forest FC,Newcastle United FC,,,,560812,,,,,,,,NO_ODDS_MATCH
EPL,2027-03-03,TIMED,28,AFC Bournemouth,Tottenham Hotspur FC,,,,560813,,,,,,,,NO_ODDS_MATCH
EPL,2027-03-03,TIMED,28,Manchester City FC,Everton FC,,,,560814,,,,,,,,NO_ODDS_MATCH
EPL,2027-03-03,TIMED,28,Arsenal FC,Crystal Palace FC,,,,560815,,,,,,,,NO_ODDS_MATCH
EPL,2027-03-03,TIMED,28,Leeds United FC,Hull City AFC,,,,560816,,,,,,,,NO_ODDS_MATCH
EPL,2027-03-03,TIMED,28,Sunderland AFC,Manchester United FC,,,,560817,,,,,,,,NO_ODDS_MATCH
EPL,2027-03-03,TIMED,28,Liverpool FC,Aston Villa FC,,,,560818,,,,,,,,NO_ODDS_MATCH
EPL,2027-03-03,TIMED,28,Brighton & Hove Albion FC,Fulham FC,,,,560819,,,,,,,,NO_ODDS_MATCH
EPL,2027-03-03,TIMED,28,Brentford FC,Ipswich Town FC,,,,560820,,,,,,,,NO_ODDS_MATCH
EPL,2027-03-03,TIMED,28,Chelsea FC,Coventry City FC,,,,560821,,,,,,,,NO_ODDS_MATCH
EPL,2027-03-13,TIMED,29,Leeds United FC,Brighton & Hove Albion FC,,,,560822,,,,,,,,NO_ODDS_MATCH
EPL,2027-03-13,TIMED,29,Tottenham Hotspur FC,Nottingham Forest FC,,,,560823,,,,,,,,NO_ODDS_MATCH
EPL,2027-03-13,TIMED,29,Crystal Palace FC,Fulham FC,,,,560824,,,,,,,,NO_ODDS_MATCH
EPL,2027-03-13,TIMED,29,Liverpool FC,Ipswich Town FC,,,,560825,,,,,,,,NO_ODDS_MATCH
EPL,2027-03-13,TIMED,29,Coventry City FC,Manchester City FC,,,,560826,,,,,,,,NO_ODDS_MATCH
EPL,2027-03-13,TIMED,29,AFC Bournemouth,Newcastle United FC,,,,560827,,,,,,,,NO_ODDS_MATCH
EPL,2027-03-13,TIMED,29,Chelsea FC,Arsenal FC,,,,560828,,,,,,,,NO_ODDS_MATCH
EPL,2027-03-13,TIMED,29,Aston Villa FC,Hull City AFC,,,,560829,,,,,,,,NO_ODDS_MATCH
EPL,2027-03-13,TIMED,29,Manchester United FC,Everton FC,,,,560830,,,,,,,,NO_ODDS_MATCH
EPL,2027-03-13,TIMED,29,Sunderland AFC,Brentford FC,,,,560831,,,,,,,,NO_ODDS_MATCH
EPL,2027-03-20,TIMED,30,Brentford FC,AFC Bournemouth,,,,560832,,,,,,,,NO_ODDS_MATCH
EPL,2027-03-20,TIMED,30,Brighton & Hove Albion FC,Coventry City FC,,,,560833,,,,,,,,NO_ODDS_MATCH
EPL,2027-03-20,TIMED,30,Manchester City FC,Manchester United FC,,,,560834,,,,,,,,NO_ODDS_MATCH
EPL,2027-03-20,TIMED,30,Ipswich Town FC,Crystal Palace FC,,,,560835,,,,,,,,NO_ODDS_MATCH
EPL,2027-03-20,TIMED,30,Arsenal FC,Sunderland AFC,,,,560836,,,,,,,,NO_ODDS_MATCH
EPL,2027-03-20,TIMED,30,Fulham FC,Liverpool FC,,,,560837,,,,,,,,NO_ODDS_MATCH
EPL,2027-03-20,TIMED,30,Hull City AFC,Chelsea FC,,,,560838,,,,,,,,NO_ODDS_MATCH
EPL,2027-03-20,TIMED,30,Nottingham Forest FC,Aston Villa FC,,,,560839,,,,,,,,NO_ODDS_MATCH
EPL,2027-03-20,TIMED,30,Everton FC,Tottenham Hotspur FC,,,,560840,,,,,,,,NO_ODDS_MATCH
EPL,2027-03-20,TIMED,30,Newcastle United FC,Leeds United FC,,,,560841,,,,,,,,NO_ODDS_MATCH
EPL,2027-04-10,TIMED,31,Sunderland AFC,Ipswich Town FC,,,,560842,,,,,,,,NO_ODDS_MATCH
EPL,2027-04-10,TIMED,31,Leeds United FC,Nottingham Forest FC,,,,560843,,,,,,,,NO_ODDS_MATCH
EPL,2027-04-10,TIMED,31,Manchester United FC,Hull City AFC,,,,560844,,,,,,,,NO_ODDS_MATCH
EPL,2027-04-10,TIMED,31,Chelsea FC,Fulham FC,,,,560845,,,,,,,,NO_ODDS_MATCH
EPL,2027-04-10,TIMED,31,Liverpool FC,Newcastle United FC,,,,560846,,,,,,,,NO_ODDS_MATCH
EPL,2027-04-10,TIMED,31,Coventry City FC,Arsenal FC,,,,560847,,,,,,,,NO_ODDS_MATCH
EPL,2027-04-10,TIMED,31,AFC Bournemouth,Manchester City FC,,,,560848,,,,,,,,NO_ODDS_MATCH
EPL,2027-04-10,TIMED,31,Crystal Palace FC,Everton FC,,,,560849,,,,,,,,NO_ODDS_MATCH
EPL,2027-04-10,TIMED,31,Tottenham Hotspur FC,Brentford FC,,,,560850,,,,,,,,NO_ODDS_MATCH
EPL,2027-04-10,TIMED,31,Aston Villa FC,Brighton & Hove Albion FC,,,,560851,,,,,,,,NO_ODDS_MATCH
EPL,2027-04-17,TIMED,32,Brighton & Hove Albion FC,Chelsea FC,,,,560852,,,,,,,,NO_ODDS_MATCH
EPL,2027-04-17,TIMED,32,Fulham FC,Sunderland AFC,,,,560853,,,,,,,,NO_ODDS_MATCH
EPL,2027-04-17,TIMED,32,Brentford FC,Leeds United FC,,,,560854,,,,,,,,NO_ODDS_MATCH
EPL,2027-04-17,TIMED,32,Nottingham Forest FC,Liverpool FC,,,,560855,,,,,,,,NO_ODDS_MATCH
EPL,2027-04-17,TIMED,32,Hull City AFC,Coventry City FC,,,,560856,,,,,,,,NO_ODDS_MATCH
EPL,2027-04-17,TIMED,32,Arsenal FC,Aston Villa FC,,,,560857,,,,,,,,NO_ODDS_MATCH
EPL,2027-04-17,TIMED,32,Ipswich Town FC,Manchester United FC,,,,560858,,,,,,,,NO_ODDS_MATCH
EPL,2027-04-17,TIMED,32,Manchester City FC,Crystal Palace FC,,,,560859,,,,,,,,NO_ODDS_MATCH
EPL,2027-04-17,TIMED,32,Newcastle United FC,Tottenham Hotspur FC,,,,560860,,,,,,,,NO_ODDS_MATCH
EPL,2027-04-17,TIMED,32,Everton FC,AFC Bournemouth,,,,560861,,,,,,,,NO_ODDS_MATCH
EPL,2027-04-24,TIMED,33,Chelsea FC,Manchester City FC,,,,560862,,,,,,,,NO_ODDS_MATCH
EPL,2027-04-24,TIMED,33,AFC Bournemouth,Arsenal FC,,,,560863,,,,,,,,NO_ODDS_MATCH
EPL,2027-04-24,TIMED,33,Tottenham Hotspur FC,Hull City AFC,,,,560864,,,,,,,,NO_ODDS_MATCH
EPL,2027-04-24,TIMED,33,Manchester United FC,Crystal Palace FC,,,,560865,,,,,,,,NO_ODDS_MATCH
EPL,2027-04-24,TIMED,33,Everton FC,Brighton & Hove Albion FC,,,,560866,,,,,,,,NO_ODDS_MATCH
EPL,2027-04-24,TIMED,33,Nottingham Forest FC,Sunderland AFC,,,,560867,,,,,,,,NO_ODDS_MATCH
EPL,2027-04-24,TIMED,33,Newcastle United FC,Ipswich Town FC,,,,560868,,,,,,,,NO_ODDS_MATCH
EPL,2027-04-24,TIMED,33,Aston Villa FC,Coventry City FC,,,,560869,,,,,,,,NO_ODDS_MATCH
EPL,2027-04-24,TIMED,33,Brentford FC,Fulham FC,,,,560870,,,,,,,,NO_ODDS_MATCH
EPL,2027-04-24,TIMED,33,Leeds United FC,Liverpool FC,,,,560871,,,,,,,,NO_ODDS_MATCH
EPL,2027-05-01,TIMED,34,Sunderland AFC,Newcastle United FC,,,,560872,,,,,,,,NO_ODDS_MATCH
EPL,2027-05-01,TIMED,34,Brighton & Hove Albion FC,Nottingham Forest FC,,,,560873,,,,,,,,NO_ODDS_MATCH
EPL,2027-05-01,TIMED,34,Coventry City FC,Manchester United FC,,,,560874,,,,,,,,NO_ODDS_MATCH
EPL,2027-05-01,TIMED,34,Hull City AFC,AFC Bournemouth,,,,560875,,,,,,,,NO_ODDS_MATCH
EPL,2027-05-01,TIMED,34,Manchester City FC,Brentford FC,,,,560876,,,,,,,,NO_ODDS_MATCH
EPL,2027-05-01,TIMED,34,Fulham FC,Everton FC,,,,560877,,,,,,,,NO_ODDS_MATCH
EPL,2027-05-01,TIMED,34,Liverpool FC,Chelsea FC,,,,560878,,,,,,,,NO_ODDS_MATCH
EPL,2027-05-01,TIMED,34,Arsenal FC,Tottenham Hotspur FC,,,,560879,,,,,,,,NO_ODDS_MATCH
EPL,2027-05-01,TIMED,34,Crystal Palace FC,Aston Villa FC,,,,560880,,,,,,,,NO_ODDS_MATCH
EPL,2027-05-01,TIMED,34,Ipswich Town FC,Leeds United FC,,,,560881,,,,,,,,NO_ODDS_MATCH
EPL,2027-05-08,TIMED,35,Manchester City FC,Liverpool FC,,,,560882,,,,,,,,NO_ODDS_MATCH
EPL,2027-05-08,TIMED,35,Leeds United FC,Arsenal FC,,,,560883,,,,,,,,NO_ODDS_MATCH
EPL,2027-05-08,TIMED,35,Fulham FC,Ipswich Town FC,,,,560884,,,,,,,,NO_ODDS_MATCH
EPL,2027-05-08,TIMED,35,Nottingham Forest FC,Crystal Palace FC,,,,560885,,,,,,,,NO_ODDS_MATCH
EPL,2027-05-08,TIMED,35,Brentford FC,Aston Villa FC,,,,560886,,,,,,,,NO_ODDS_MATCH
EPL,2027-05-08,TIMED,35,Newcastle United FC,Coventry City FC,,,,560887,,,,,,,,NO_ODDS_MATCH
EPL,2027-05-08,TIMED,35,Brighton & Hove Albion FC,Sunderland AFC,,,,560888,,,,,,,,NO_ODDS_MATCH
EPL,2027-05-08,TIMED,35,Tottenham Hotspur FC,Chelsea FC,,,,560889,,,,,,,,NO_ODDS_MATCH
EPL,2027-05-08,TIMED,35,Everton FC,Hull City AFC,,,,560890,,,,,,,,NO_ODDS_MATCH
EPL,2027-05-08,TIMED,35,AFC Bournemouth,Manchester United FC,,,,560891,,,,,,,,NO_ODDS_MATCH
EPL,2027-05-15,TIMED,36,Hull City AFC,Fulham FC,,,,560896,,,,,,,,NO_ODDS_MATCH
EPL,2027-05-15,TIMED,36,Manchester United FC,Leeds United FC,,,,560897,,,,,,,,NO_ODDS_MATCH
EPL,2027-05-15,TIMED,36,Crystal Palace FC,Brighton & Hove Albion FC,,,,560898,,,,,,,,NO_ODDS_MATCH
EPL,2027-05-15,TIMED,36,Aston Villa FC,Newcastle United FC,,,,560899,,,,,,,,NO_ODDS_MATCH
EPL,2027-05-15,TIMED,36,Chelsea FC,Everton FC,,,,560900,,,,,,,,NO_ODDS_MATCH
EPL,2027-05-15,TIMED,36,Coventry City FC,Tottenham Hotspur FC,,,,560901,,,,,,,,NO_ODDS_MATCH
EPL,2027-05-15,TIMED,36,Sunderland AFC,AFC Bournemouth,,,,560892,,,,,,,,NO_ODDS_MATCH
EPL,2027-05-15,TIMED,36,Liverpool FC,Brentford FC,,,,560893,,,,,,,,NO_ODDS_MATCH
EPL,2027-05-15,TIMED,36,Ipswich Town FC,Manchester City FC,,,,560894,,,,,,,,NO_ODDS_MATCH
EPL,2027-05-15,TIMED,36,Arsenal FC,Nottingham Forest FC,,,,560895,,,,,,,,NO_ODDS_MATCH
EPL,2027-05-23,TIMED,37,Brentford FC,Hull City AFC,,,,560902,,,,,,,,NO_ODDS_MATCH
EPL,2027-05-23,TIMED,37,Newcastle United FC,Crystal Palace FC,,,,560903,,,,,,,,NO_ODDS_MATCH
EPL,2027-05-23,TIMED,37,Tottenham Hotspur FC,Manchester United FC,,,,560904,,,,,,,,NO_ODDS_MATCH
EPL,2027-05-23,TIMED,37,Leeds United FC,Sunderland AFC,,,,560905,,,,,,,,NO_ODDS_MATCH
EPL,2027-05-23,TIMED,37,Brighton & Hove Albion FC,Liverpool FC,,,,560906,,,,,,,,NO_ODDS_MATCH
EPL,2027-05-23,TIMED,37,Nottingham Forest FC,Ipswich Town FC,,,,560907,,,,,,,,NO_ODDS_MATCH
EPL,2027-05-23,TIMED,37,AFC Bournemouth,Chelsea FC,,,,560908,,,,,,,,NO_ODDS_MATCH
EPL,2027-05-23,TIMED,37,Fulham FC,Coventry City FC,,,,560909,,,,,,,,NO_ODDS_MATCH
EPL,2027-05-23,TIMED,37,Everton FC,Arsenal FC,,,,560910,,,,,,,,NO_ODDS_MATCH
EPL,2027-05-23,TIMED,37,Manchester City FC,Aston Villa FC,,,,560911,,,,,,,,NO_ODDS_MATCH
EPL,2027-05-30,TIMED,38,Ipswich Town FC,Everton FC,,,,560912,,,,,,,,NO_ODDS_MATCH
EPL,2027-05-30,TIMED,38,Arsenal FC,Brighton & Hove Albion FC,,,,560913,,,,,,,,NO_ODDS_MATCH
EPL,2027-05-30,TIMED,38,Liverpool FC,AFC Bournemouth,,,,560914,,,,,,,,NO_ODDS_MATCH
EPL,2027-05-30,TIMED,38,Coventry City FC,Nottingham Forest FC,,,,560915,,,,,,,,NO_ODDS_MATCH
EPL,2027-05-30,TIMED,38,Aston Villa FC,Tottenham Hotspur FC,,,,560916,,,,,,,,NO_ODDS_MATCH
EPL,2027-05-30,TIMED,38,Hull City AFC,Newcastle United FC,,,,560917,,,,,,,,NO_ODDS_MATCH
EPL,2027-05-30,TIMED,38,Manchester United FC,Fulham FC,,,,560918,,,,,,,,NO_ODDS_MATCH
EPL,2027-05-30,TIMED,38,Sunderland AFC,Manchester City FC,,,,560919,,,,,,,,NO_ODDS_MATCH
EPL,2027-05-30,TIMED,38,Chelsea FC,Brentford FC,,,,560920,,,,,,,,NO_ODDS_MATCH
EPL,2027-05-30,TIMED,38,Crystal Palace FC,Leeds United FC,,,,560921,,,,,,,,NO_ODDS_MATCH
